timestamp,x,y,z
1075.10177,1.15,0.637,0.135
1075.105039,1.29,0.613,0.17
1075.108344,1.43,0.54,0.212
1075.111816,1.49,0.458,0.264
1075.116048,1.59,0.341,0.271
1075.118685,1.7,0.219,0.279
1075.122037,1.77,0.0363,0.377
1075.125524,1.77,-0.23,0.479
1075.128934,1.76,-0.401,0.534
1075.132362,1.75,-0.562,0.576
1075.13637,1.73,-0.742,0.66
1075.139235,1.73,-0.936,0.741
1075.143021,1.75,-0.987,0.704
1075.146037,1.73,-1.05,0.658
1075.149458,1.68,-1.1,0.647
1075.152894,1.6,-1.16,0.664
1075.156351,1.51,-1.21,0.676
1075.15971,1.35,-0.999,1.14
1075.163123,1.95,-1.04,2
1075.166524,2,1.47,-1.09
1075.169957,2,2,-2
1075.173685,2,0.891,0.533
1075.176806,1.07,-0.101,0.601
1075.180175,2,0.353,-0.43
1075.183611,2,-0.519,0.141
1075.187022,1.78,-0.64,0.137
1075.190439,1.77,-0.532,-0.233
1075.193887,1.18,-0.927,-0.239
1075.197317,0.663,-1.13,-0.251
1075.200724,0.235,-1.35,-0.235
1075.204127,-0.0303,-1.62,-0.112
1075.207628,-0.256,-1.96,0.011
1075.210987,-0.487,-2,0.021
1075.214417,-0.654,-2,0.108
1075.217867,-0.944,-2,0.182
1075.221341,-1.21,-2,0.209
1075.224829,-1.46,-2,0.23
1075.228147,-1.7,-2,0.346
1075.231526,-1.87,-2,0.507
1075.234922,-2,-2,0.56
1075.23834,-2,-2,0.518
1075.241743,-2,-2,0.693
1075.245143,-1.9,-2,0.785
1075.248581,-1.74,-2,0.412
1075.252046,-1.69,-2,0.148
1075.255489,-1.63,-1.82,0.0897
1075.258887,-1.26,-1.35,-0.11
1075.262336,-0.939,-1,-0.166
1075.265731,-0.752,-0.782,-0.231
1075.269394,-0.627,-0.445,-0.31
1075.272605,-0.499,-0.189,-0.383
1075.276057,-0.264,0.068,-0.387
1075.279464,-0.0193,0.225,-0.362
1075.282914,0.191,0.331,-0.292
1075.286375,0.354,0.432,-0.229
1075.289696,0.503,0.548,-0.177
1075.293124,0.722,0.689,-0.173
1075.296562,0.852,0.768,-0.153
1075.299965,1.02,0.832,-0.137
1075.303375,1.19,0.866,-0.109
1075.306804,1.34,0.828,-0.0289
1075.310206,1.53,0.755,0.0512
1075.313614,1.66,0.699,0.0934
1075.317047,1.78,0.621,0.125
1075.320474,1.87,0.498,0.199
1075.323921,1.96,0.355,0.259
1075.327954,2,0.125,0.33
1075.332032,2,-0.0557,0.39
1075.336111,2,-0.275,0.477
1075.340189,2,-0.48,0.519
1075.344267,2,-0.677,0.576
1075.344677,2,-0.93,0.67
1075.347866,2,-1.07,0.734
1075.351306,1.9,-1.18,0.754
1075.354683,1.83,-1.27,0.775
1075.358126,1.76,-1.33,0.785
1075.361523,1.85,-1.11,2
1075.364963,2,0.481,-0.0647
1075.36835,2,2,-2
1075.371744,2,0.549,-0.114
1075.37516,1.63,-0.395,0.997
1075.378594,2,0.203,-0.128
1075.382022,2,-0.277,0.123
1075.385469,2,-0.306,0.0425
1075.388867,2,-0.162,-0.313
1075.392406,1.78,-0.479,-0.255
1075.395701,0.965,-0.707,-0.372
1075.399115,0.65,-0.913,-0.348
1075.402587,0.283,-1.16,-0.387
1075.405982,-0.0199,-1.46,-0.35
1075.409458,-0.374,-1.72,-0.221
1075.412818,-0.67,-2,-0.0899
1075.416888,-0.913,-2,0.034
1075.419761,-1.1,-2,0.0833
1075.423105,-1.43,-2,0.115
1075.426565,-1.55,-2,0.25
1075.429964,-1.8,-2,0.343
1075.433377,-1.99,-2,0.426
1075.436793,-2,-2,0.563
1075.440248,-2,-2,0.661
1075.443794,-2,-2,0.888
1075.447058,-1.87,-2,0.5
1075.450487,-1.86,-2,0.182
1075.453888,-1.85,-2,0.116
1075.457336,-1.69,-1.81,0.0673
1075.460798,-1.35,-1.37,-0.0916
1075.464156,-0.994,-1.08,-0.188
1075.467925,-0.82,-0.806,-0.281
1075.471041,-0.745,-0.599,-0.277
1075.474476,-0.604,-0.353,-0.351
1075.477848,-0.343,-0.108,-0.37
1075.481301,-0.119,0.028,-0.336
1075.484753,0.0592,0.15,-0.28
1075.488271,0.203,0.261,-0.223
1075.491619,0.335,0.376,-0.193
1075.495876,0.519,0.536,-0.167
1075.498538,0.69,0.629,-0.19
1075.501901,0.816,0.716,-0.183
1075.505333,0.971,0.744,-0.126
1075.508752,1.14,0.755,-0.0451
1075.512154,1.32,0.737,-0.00104
1075.515593,1.45,0.712,0.014
1075.519028,1.59,0.659,0.0368
1075.522545,1.71,0.584,0.0756
1075.525963,1.81,0.4,0.201
1075.529343,1.9,0.232,0.276
1075.532755,1.95,0.0673,0.377
1075.536274,1.98,-0.0897,0.471
1075.539631,2,-0.275,0.567
1075.543041,2,-0.462,0.625
1075.546432,2,-0.601,0.665
1075.549858,1.06,-0.469,2
1075.553314,2,-0.0475,1.69
1075.55675,2,2,-1.99
1075.560095,2,0.892,-0.23
1075.563577,2,-0.324,1.18
1075.566956,2,0.251,0.185
1075.57041,2,-0.159,0.0844
1075.57384,2,-0.512,0.259
1075.577439,2,-0.372,-0.249
1075.580694,2,-0.722,-0.325
1075.584059,1.81,-0.925,-0.337
1075.587515,1.16,-1.21,-0.447
1075.59092,0.698,-1.5,-0.375
1075.594382,0.186,-1.9,-0.367
1075.59777,-0.2,-2,-0.309
1075.6012,-0.508,-2,-0.229
1075.60462,-0.825,-2,-0.125
1075.608031,-1.24,-2,-0.00323
1075.611468,-1.46,-2,0.214
1075.614894,-1.63,-2,0.326
1075.618325,-1.68,-2,0.466
1075.621748,-1.7,-2,0.573
1075.625212,-1.82,-2,0.595
1075.628599,-1.8,-2,0.59
1075.631989,-1.84,-2,0.528
1075.635462,-1.82,-2,0.421
1075.638864,-1.81,-2,0.184
1075.642334,-1.76,-2,0.0499
1075.645692,-1.55,-1.75,-0.00915
1075.649132,-1.37,-1.35,-0.196
1075.652626,-1.16,-1.04,-0.192
1075.655994,-1.07,-0.772,-0.229
1075.65941,-0.952,-0.411,-0.346
1075.662796,-0.756,-0.0598,-0.381
1075.666242,-0.565,0.197,-0.404
1075.669675,-0.353,0.409,-0.405
1075.673079,-0.188,0.602,-0.382
1075.676559,-0.0294,0.826,-0.339
1075.679956,0.2,0.969,-0.327
1075.683355,0.392,1.1,-0.323
1075.686816,0.546,1.18,-0.307
1075.690244,0.682,1.24,-0.28
1075.693679,0.87,1.23,-0.194
1075.697066,1.04,1.2,-0.15
1075.70044,1.21,1.12,-0.0945
1075.703956,1.34,0.994,-0.0118
1075.707319,1.48,0.83,0.0318
1075.710723,1.65,0.624,0.0343
1075.714146,1.71,0.352,0.172
1075.717579,0.352,0.405,1.5
1075.720993,2,0.444,0.54
1075.724417,2,1.45,-1.05
1075.727856,2,-0.22,0.731
1075.731308,2,-0.906,1.34
1075.734723,2,-0.527,0.705
1075.738124,2,-0.671,0.497
1075.741519,2,-1.01,0.73
1075.744951,2,-0.922,0.524
1075.748386,2,-1.07,0.528
1075.751827,2,-1.24,0.456
1075.755352,2,-1.16,0.244
1075.758728,2,-1.16,0.0621
1075.762089,1.56,-1.16,-0.0747
1075.765501,1.11,-1.16,-0.16
1075.768971,0.707,-1.17,-0.192
1075.772383,0.334,-1.25,-0.245
1075.77583,-0.0908,-1.31,-0.271
1075.779312,-0.602,-1.5,-0.198
1075.782685,-0.795,-1.64,-0.139
1075.786108,-1.06,-1.79,-0.0681
1075.789499,-1.28,-1.95,-0.00836
1075.792932,-1.5,-2,0.0969
1075.796348,-1.65,-2,0.15
1075.79981,-1.74,-2,0.252
1075.803186,-1.84,-2,0.354
1075.806632,-1.98,-2,0.363
1075.810055,-2,-2,0.415
1075.813475,-2,-2,0.385
1075.816871,-2,-2,0.357
1075.820309,-2,-2,0.289
1075.823713,-2,-2,0.223
1075.827134,-1.76,-2,0.444
1075.830532,-1.5,-2,0.43
1075.834009,-1.39,-1.79,0.173
1075.837436,-1.22,-1.5,-0.0332
1075.840837,-0.953,-1.21,-0.146
1075.844296,-0.669,-0.923,-0.227
1075.847668,-0.398,-0.741,-0.241
1075.851074,-0.19,-0.542,-0.27
1075.854531,0.0239,-0.345,-0.318
1075.857972,0.216,-0.157,-0.338
1075.861443,0.468,0.0307,-0.32
1075.864836,0.622,0.154,-0.272
1075.86823,0.799,0.247,-0.222
1075.871668,0.922,0.366,-0.202
1075.875116,1.07,0.448,-0.166
1075.878514,1.29,0.542,-0.121
1075.881917,1.39,0.58,-0.0354
1075.885347,1.5,0.578,0.0443
1075.888813,1.63,0.643,0.0246
1075.892296,1.72,0.623,0.0966
1075.895641,1.87,0.574,0.161
1075.899057,1.99,0.516,0.184
1075.902644,2,0.44,0.202
1075.905959,2,0.324,0.253
1075.909375,2,0.157,0.371
1075.912746,2,-0.0706,0.44
1075.91617,2,-0.262,0.519
1075.919642,2,-0.452,0.591
1075.923016,2,-0.623,0.658
1075.926479,1.36,-0.64,2
1075.92983,2,0.78,0.303
1075.933259,2,2,-1.7
1075.936702,2,0.627,0.032
1075.940123,2,-0.0686,0.916
1075.943547,2,0.364,0.0575
1075.946975,2,-0.198,0.22
1075.950378,2,-0.177,0.0846
1075.95383,2,-0.152,-0.217
1075.957316,2,-0.439,-0.295
1075.960659,1.83,-0.613,-0.561
1075.964075,1.15,-0.828,-0.651
1075.9675,0.638,-1.18,-0.628
1075.970913,0.162,-1.63,-0.485
1075.97436,-0.301,-1.98,-0.406
1075.977795,-0.813,-2,-0.274
1075.981283,-1.07,-2,-0.0774
1075.984646,-1.27,-2,0.106
1075.988096,-1.44,-2,0.221
1075.991478,-1.62,-2,0.4
1075.994948,-1.72,-2,0.521
1075.998309,-1.79,-2,0.618
1076.00176,-1.86,-2,0.671
1076.005175,-1.81,-2,0.726
1076.008648,-1.68,-2,0.716
1076.011964,-1.72,-2,0.305
1076.015839,-1.79,-2,0.129
1076.019427,-1.73,-2,0.0939
1076.02234,-1.49,-1.8,0.0343
1076.025646,-1.2,-1.44,-0.0778
1076.02909,-0.985,-1.01,-0.209
1076.032496,-0.937,-0.702,-0.3
1076.03603,-0.883,-0.365,-0.401
1076.03942,-0.719,-0.218,-0.328
1076.042817,-0.481,-0.034,-0.278
1076.046288,-0.192,0.243,-0.289
1076.049655,-0.0533,0.448,-0.293
1076.053114,0.0497,0.621,-0.295
1076.056513,0.174,0.789,-0.291
1076.059948,0.354,0.929,-0.291
1076.063367,0.578,1.05,-0.251
1076.066798,0.719,1.12,-0.231
1076.070242,0.842,1.13,-0.188
1076.073671,0.999,1.12,-0.147
1076.077033,1.15,1.07,-0.0637
1076.080482,1.34,0.937,-0.019
1076.083867,1.47,0.801,0.0379
1076.087336,1.57,0.642,0.116
1076.090732,1.71,0.455,0.112
1076.094127,1.78,0.165,0.211
1076.097569,1.83,-0.103,0.355
1076.101031,1.9,-0.344,0.468
1076.104459,1.95,-0.554,0.551
1076.107871,1.97,-0.72,0.62
1076.113634,2,-0.944,0.745
1076.117263,1.59,-0.892,2
1076.120685,2,0.293,0.921
1076.124058,2,2,-2
1076.127506,2,0.264,0.489
1076.130935,2,-0.218,0.938
1076.13437,2,0.283,0.0996
1076.13783,2,-0.283,0.245
1076.141287,2,-0.237,-0.144
1076.144649,2,-0.356,-0.396
1076.148043,2,-0.719,-0.396
1076.15146,2,-0.895,-0.557
1076.15495,1.44,-1.16,-0.659
1076.158373,0.818,-1.63,-0.521
1076.161744,0.411,-1.96,-0.431
1076.165175,0.0109,-2,-0.357
1076.168581,-0.337,-2,-0.314
1076.172002,-0.696,-2,-0.287
1076.175446,-1.03,-2,-0.185
1076.178855,-1.37,-2,-0.12
1076.18229,-1.72,-2,0.0407
1076.185754,-1.94,-2,0.181
1076.189132,-2,-2,0.419
1076.192543,-2,-2,0.556
1076.195962,-2,-2,0.579
1076.199386,-2,-2,0.589
1076.202805,-2,-2,0.279
1076.206285,-2,-2,0.0862
1076.209652,-2,-2,0.0404
1076.213084,-2,-1.96,0.00293
1076.216505,-1.82,-1.57,-0.224
1076.219964,-1.56,-1.22,-0.365
1076.223372,-1.37,-0.907,-0.483
1076.226777,-1.24,-0.493,-0.61
1076.230181,-0.969,-0.328,-0.543
1076.234165,-0.736,-0.16,-0.489
1076.237091,-0.499,0.033,-0.492
1076.240468,-0.299,0.238,-0.497
1076.243906,-0.057,0.467,-0.499
1076.247314,0.119,0.639,-0.492
1076.250726,0.31,0.786,-0.489
1076.254179,0.502,0.901,-0.476
1076.257651,0.68,0.976,-0.414
1076.26101,0.884,1.03,-0.352
1076.264439,1.04,1.04,-0.294
1076.267825,1.22,1.01,-0.248
1076.271275,1.42,0.977,-0.238
1076.274737,1.57,0.851,-0.161
1076.27812,1.74,0.728,-0.0773
1076.281564,1.83,0.555,0.0146
1076.285,1.94,0.362,0.104
1076.288441,2,0.152,0.206
1076.291823,0.796,0.246,1.7
1076.295303,2,-0.142,2
1076.298676,2,1.94,-2
1076.302173,2,2,-2
1076.305501,2,0.15,1.01
1076.309033,2,0.308,0.719
1076.312453,2,0.3,0.0756
1076.315791,2,-0.448,0.45
1076.319201,2,-0.449,0.147
1076.322611,2,-0.501,-0.254
1076.326087,2,-0.93,-0.356
1076.329413,2,-1.04,-0.597
1076.332832,2,-1.23,-0.763
1076.336268,1.49,-1.54,-0.781
1076.339672,0.915,-1.79,-0.752
1076.3431,0.214,-2,-0.823
1076.346513,-0.268,-2,-0.803
1076.34993,-0.79,-2,-0.708
1076.353378,-1.25,-2,-0.505
1076.356791,-1.58,-2,-0.224
1076.360168,-1.91,-2,0.0251
1076.363587,-2,-2,0.23
1076.367022,-2,-2,0.437
1076.370574,-2,-2,0.688
1076.373826,-2,-2,0.807
1076.377258,-2,-2,0.584
1076.380665,-2,-2,0.156
1076.384069,-2,-2,-0.0782
1076.387503,-2,-2,-0.0606
1076.390931,-2,-2,-0.05
1076.394375,-1.87,-1.84,-0.189
1076.397795,-1.67,-1.47,-0.359
1076.401261,-1.54,-1.12,-0.52
1076.404666,-1.43,-0.824,-0.576
1076.408102,-1.23,-0.628,-0.562
1076.411486,-0.929,-0.32,-0.568
1076.414944,-0.65,-0.149,-0.502
1076.41842,-0.459,0.0204,-0.494
1076.421812,-0.274,0.284,-0.557
1076.42526,-0.0863,0.517,-0.596
1076.428621,0.133,0.756,-0.612
1076.432039,0.296,0.912,-0.592
1076.435967,0.475,1.01,-0.54
1076.438917,0.674,1.13,-0.521
1076.442348,0.875,1.18,-0.49
1076.445786,1.1,1.2,-0.409
1076.449191,1.28,1.18,-0.342
1076.452589,1.43,1.12,-0.274
1076.455958,1.58,1.04,-0.209
1076.45944,1.71,0.917,-0.146
1076.462803,1.88,0.737,-0.0727
1076.466261,2,0.533,0.0113
1076.470074,2,0.289,0.119
1076.473094,2,0.0493,0.216
1076.476487,2,-0.13,0.263
1076.479909,2,-0.0316,2
1076.483322,2,0.882,-0.589
1076.486749,2,1.88,-1.62
1076.490132,2,0.0998,0.701
1076.493569,2,-0.404,1.19
1076.496968,2,0.117,0.162
1076.500437,2,-0.536,0.339
1076.503814,2,-0.585,0.149
1076.50726,2,-0.678,-0.043
1076.51066,2,-0.941,-0.237
1076.514076,2,-1.03,-0.59
1076.517476,2,-1.2,-0.66
1076.520902,1.8,-1.27,-0.81
1076.524408,1.21,-1.47,-0.903
1076.527757,0.544,-1.66,-0.95
1076.531283,-0.22,-1.93,-0.867
1076.534642,-0.779,-2,-0.8
1076.538048,-1.24,-2,-0.671
1076.541482,-1.63,-2,-0.561
1076.544869,-1.95,-2,-0.358
1076.54831,-2,-2,-0.225
1076.551776,-2,-2,-0.0467
1076.55526,-2,-2,0.19
1076.558736,-2,-2,0.387
1076.562007,-2,-2,0.476
1076.565458,-2,-2,0.605
1076.569069,-2,-2,0.545
1076.572275,-2,-2,0.521
1076.575708,-2,-2,0.386
1076.579134,-2,-2,0.0489
1076.58258,-1.99,-2,-0.042
1076.586057,-1.7,-2,-0.165
1076.589403,-1.43,-1.67,-0.337
1076.592866,-1.2,-1.44,-0.396
1076.596281,-1.02,-0.97,-0.574
1076.599679,-0.779,-0.696,-0.611
1076.603096,-0.597,-0.479,-0.599
1076.606566,-0.392,-0.22,-0.599
1076.609971,-0.17,0.027,-0.611
1076.613417,0.0833,0.35,-0.614
1076.616831,0.251,0.588,-0.634
1076.620274,0.408,0.792,-0.612
1076.623662,0.625,0.978,-0.585
1076.627088,0.879,1.14,-0.55
1076.631579,1.22,1.31,-0.508
1076.634066,1.42,1.4,-0.438
1076.637389,1.61,1.44,-0.371
1076.640789,1.76,1.47,-0.289
1076.644263,1.96,1.45,-0.292
1076.647614,2,1.35,-0.195
1076.651041,2,1.2,-0.0606
1076.654448,2,1.01,0.0411
1076.657835,2,0.78,0.107
1076.661254,2,0.524,0.186
1076.664685,2,0.136,0.337
1076.668113,2,-0.158,0.467
1076.671509,2,-0.418,0.563
1076.674927,2,-0.63,0.601
1076.678372,1.7,-0.652,1.74
1076.681798,2,0.102,0.778
1076.685305,2,1.54,-1.08
1076.688663,2,0.115,0.124
1076.69205,2,-0.669,0.999
1076.695466,2,-0.19,0.264
1076.698858,2,-0.597,0.239
1076.702298,2,-0.641,0.186
1076.705764,2,-0.565,-0.153
1076.709153,2,-0.736,-0.219
1076.712598,1.99,-0.841,-0.295
1076.71601,1.47,-0.98,-0.39
1076.71942,1.01,-1.14,-0.408
1076.72289,0.628,-1.3,-0.385
1076.726261,0.227,-1.47,-0.389
1076.72968,-0.0491,-1.68,-0.346
1076.733093,-0.414,-1.89,-0.324
1076.736558,-0.698,-2,-0.277
1076.739934,-0.956,-2,-0.211
1076.743349,-1.22,-2,-0.139
1076.746786,-1.34,-2,0.128
1076.750245,-1.56,-2,0.222
1076.753634,-1.62,-2,0.32
1076.757029,-1.67,-2,0.413
1076.760519,-1.72,-2,0.496
1076.763836,-1.79,-2,0.541
1076.76724,-1.8,-2,0.51
1076.770677,-1.68,-2,0.536
1076.774115,-1.48,-2,0.634
1076.777503,-1.36,-2,0.443
1076.780915,-1.41,-2,0.145
1076.784369,-1.38,-1.81,-0.0667
1076.787807,-1.18,-1.49,-0.116
1076.79127,-0.95,-1.21,-0.151
1076.794639,-0.759,-0.89,-0.248
1076.798063,-0.625,-0.583,-0.359
1076.801499,-0.475,-0.176,-0.424
1076.80492,-0.361,0.0862,-0.444
1076.808338,-0.195,0.294,-0.431
1076.811827,0.000122,0.493,-0.395
1076.815261,0.182,0.724,-0.347
1076.818792,0.292,0.908,-0.362
1076.822107,0.417,1.06,-0.344
1076.825549,0.582,1.19,-0.325
1076.828928,0.746,1.28,-0.283
1076.832344,0.92,1.33,-0.219
1076.835765,1.05,1.35,-0.165
1076.839236,1.21,1.36,-0.161
1076.84268,1.37,1.3,-0.128
1076.846064,1.5,1.18,-0.0539
1076.849485,1.66,0.972,0.0545
1076.852913,1.76,0.781,0.127
1076.856348,1.85,0.566,0.181
1076.85976,1.95,0.323,0.261
1076.863235,0.838,0.203,1.68
1076.866606,2,0.894,0.176
1076.870038,2,2,-1.79
1076.873433,2,0.604,0.15
1076.876815,2,-0.349,1.19
1076.880243,2,0.105,0.391
1076.883668,2,-0.523,0.484
1076.887074,2,-0.671,0.415
1076.890521,2,-0.54,0.151
1076.893921,2,-0.836,0.0722
1076.897361,2,-0.934,-0.0303
1076.900766,1.87,-1,-0.318
1076.904231,1.5,-1.17,-0.415
1076.90762,1.02,-1.42,-0.44
1076.911022,0.452,-1.7,-0.44
1076.914423,-0.109,-1.99,-0.342
1076.918095,-0.622,-2,-0.0697
1076.921331,-0.883,-2,0.000915
1076.924708,-1.15,-2,0.0583
1076.928122,-1.22,-2,0.16
1076.931585,-1.32,-2,0.296
1076.936019,-1.47,-2,0.423
1076.938478,-1.55,-2,0.522
1076.94198,-1.59,-2,0.57
1076.945911,-1.58,-2,0.603
1076.948698,-1.58,-2,0.558
1076.95212,-1.47,-2,0.597
1076.955496,-1.42,-2,0.439
1076.958916,-1.49,-2,0.187
1076.962315,-1.49,-2,0.105
1076.965751,-1.37,-1.68,-0.0821
1076.96924,-1.1,-1.24,-0.0614
1076.97266,-0.927,-0.972,-0.114
1076.976057,-0.825,-0.615,-0.218
1076.979497,-0.768,-0.34,-0.263
1076.982944,-0.665,0.00677,-0.311
1076.987019,-0.417,0.261,-0.352
1076.989819,-0.231,0.459,-0.339
1076.993245,-0.0904,0.623,-0.291
1076.996687,0.0299,0.775,-0.249
1077.000115,0.215,1.01,-0.254
1077.003517,0.353,1.12,-0.266
1077.006965,0.47,1.22,-0.275
1077.010402,0.615,1.25,-0.231
1077.013797,0.803,1.26,-0.193
1077.017251,1.02,1.18,-0.0983
1077.020706,1.19,1.1,-0.0479
1077.024089,1.32,0.985,-0.000427
1077.027532,1.44,0.833,0.0302
1077.030927,1.56,0.654,0.312
1077.034376,1.26,0.694,1.6
1077.037831,2,1.04,0.092
1077.041256,2,2,-1.37
1077.044609,2,0.735,0.184
1077.048061,2,-0.2,1.01
1077.051553,2,-0.0061,0.437
1077.05494,2,-0.475,0.503
1077.058349,2,-0.731,0.662
1077.061773,2,-0.806,0.47
1077.065233,2,-0.979,0.29
1077.069048,2,-1.14,0.259
1077.072074,1.84,-1.17,0.0928
1077.076151,1.47,-1.18,-0.0501
1077.078929,1.07,-1.37,-0.064
1077.082351,0.48,-1.5,-0.0739
1077.085812,-0.00256,-1.67,-0.0578
1077.089223,-0.35,-1.86,0.0564
1077.092595,-0.626,-2,0.141
1077.096018,-0.876,-2,0.106
1077.099431,-1.1,-2,0.149
1077.102867,-1.31,-2,0.171
1077.106311,-1.64,-2,0.192
1077.109856,-1.76,-2,0.374
1077.113297,-1.81,-2,0.548
1077.116599,-1.7,-2,0.594
1077.120833,-1.56,-2,0.623
1077.123518,-1.35,-2,0.855
1077.126844,-1.08,-2,0.848
1077.130228,-1.16,-2,0.314
1077.133703,-1.37,-2,0.161
1077.137115,-1.27,-1.78,0.0833
1077.140528,-0.936,-1.47,0.0312
1077.143937,-0.635,-1.26,0.00207
1077.1474,-0.472,-0.994,-0.0949
1077.150805,-0.455,-0.639,-0.162
1077.154226,-0.41,-0.408,-0.21
1077.157652,-0.277,-0.212,-0.214
1077.161119,-0.0692,-0.0293,-0.192
1077.164515,0.128,0.2,-0.156
1077.167931,0.26,0.354,-0.118
1077.171726,0.303,0.528,-0.144
1077.174814,0.373,0.711,-0.174
1077.178218,0.513,0.861,-0.197
1077.181666,0.703,0.985,-0.16
1077.185117,0.81,1.03,-0.11
1077.188551,0.91,1.08,-0.0773
1077.191913,1.02,1.09,-0.0468
1077.195345,1.16,1.06,-0.0461
1077.198779,1.37,0.974,-0.0445
1077.202229,1.5,0.841,0.0289
1077.205599,1.58,0.667,0.158
1077.20901,1.63,0.492,0.266
1077.212426,1.69,0.294,0.35
1077.215834,1.81,0.0389,0.457
1077.219301,1.92,-0.136,0.504
1077.222732,1.2,-0.114,1.58
1077.226121,2,0.00976,2
1077.229538,2,2,-1.09
1077.232996,2,1.73,-0.808
1077.236399,2,0.282,0.923
1077.239801,2,0.534,0.431
1077.243225,2,0.363,0.139
1077.246684,2,-0.0135,0.244
1077.250087,2,0.0579,-0.245
1077.253517,2,-0.229,-0.409
1077.25694,2,-0.501,-0.503
1077.260359,1.71,-0.768,-0.532
1077.263747,1.17,-1.13,-0.541
1077.267228,0.503,-1.66,-0.446
1077.270636,0.134,-2,-0.359
1077.274044,-0.216,-2,-0.229
1077.277472,-0.562,-2,-0.12
1077.280876,-0.892,-2,0.0969
1077.284337,-1.22,-2,0.227
1077.287742,-1.4,-2,0.345
1077.291241,-1.48,-2,0.486
1077.294614,-1.56,-2,0.628
1077.298011,-1.37,-2,0.737
1077.301437,-1.21,-2,0.783
1077.304867,-1.05,-2,0.894
1077.3083,-0.987,-2,0.826
1077.311706,-1.12,-2,0.403
1077.315202,-1.34,-2,0.0454
1077.318579,-1.22,-2,-0.0198
1077.321999,-0.994,-1.95,-0.0479
1077.325429,-0.768,-1.55,-0.159
1077.328897,-0.638,-1.25,-0.184
1077.332318,-0.61,-0.774,-0.278
1077.33576,-0.555,-0.403,-0.363
1077.339225,-0.454,-0.0951,-0.397
1077.342587,-0.331,0.212,-0.41
1077.34599,-0.177,0.486,-0.401
1077.349429,-0.017,0.838,-0.359
1077.35287,0.0729,1.08,-0.36
1077.356303,0.166,1.33,-0.381
1077.359719,0.246,1.51,-0.373
1077.363228,0.305,1.69,-0.332
1077.366586,0.481,1.77,-0.302
1077.369981,0.635,1.81,-0.265
1077.373421,0.776,1.79,-0.226
1077.377131,0.882,1.72,-0.169
1077.380282,0.985,1.58,-0.101
1077.383713,1.13,1.37,-0.0558
1077.387207,1.26,1.14,-0.00433
1077.390585,1.38,0.848,0.0661
1077.394011,1.5,0.562,0.0734
1077.397404,1.58,0.116,0.204
1077.400824,1.58,-0.171,0.319
1077.404268,1.55,-0.536,0.493
1077.40771,1.62,-0.801,0.582
1077.41109,1.66,-1,0.618
1077.414472,0.962,-1.17,1.54
1077.418124,2,-0.92,1.61
1077.421353,2,0.634,-0.539
1077.424771,2,0.26,-0.242
1077.428221,2,-0.874,0.798
1077.431574,2,-0.212,0.35
1077.43526,2,-0.45,0.364
1077.43841,2,-0.668,0.48
1077.442708,2,-0.561,0.225
1077.44535,2,-0.682,0.141
1077.44873,2,-0.852,0.0525
1077.452233,1.76,-0.941,-0.0129
1077.455595,1.41,-1.06,-0.124
1077.459026,1.02,-1.18,-0.16
1077.462419,0.613,-1.34,-0.128
1077.465832,0.142,-1.55,-0.0846
1077.469252,-0.159,-1.74,-0.0437
1077.472712,-0.524,-1.91,-0.0141
1077.47622,-0.768,-2,-0.0306
1077.479561,-0.879,-2,0.072
1077.483002,-1.23,-2,0.14
1077.486404,-1.44,-2,0.265
1077.489825,-1.61,-2,0.38
1077.49325,-1.64,-2,0.518
1077.496645,-1.63,-2,0.708
1077.500089,-1.39,-2,1.06
1077.503495,-1.18,-2,1.02
1077.506944,-1.3,-2,0.456
1077.51032,-1.57,-2,0.163
1077.513743,-1.6,-1.94,0.0938
1077.517194,-1.25,-1.54,0.0547
1077.520597,-0.894,-1.32,0.0631
1077.524033,-0.699,-1.04,-0.0036
1077.527547,-0.693,-0.704,-0.126
1077.530906,-0.716,-0.312,-0.228
1077.534361,-0.58,-0.0664,-0.264
1077.537753,-0.362,0.114,-0.237
1077.541253,-0.15,0.287,-0.197
1077.544641,0.0107,0.451,-0.164
1077.548042,0.141,0.686,-0.163
1077.551499,0.24,0.843,-0.178
1077.554952,0.361,0.965,-0.179
1077.558357,0.5,1.07,-0.184
1077.56179,0.65,1.12,-0.15
1077.565233,0.856,1.14,-0.12
1077.568708,0.985,1.12,-0.0831
1077.572068,1.11,1.04,-0.0347
1077.575562,1.24,0.948,0.0201
1077.57888,1.35,0.797,0.0947
1077.582304,1.5,0.562,0.145
1077.585724,1.6,0.356,0.218
1077.58921,1.68,0.134,0.29
1077.592611,1.75,-0.107,0.372
1077.596007,1.81,-0.32,0.479
1077.599447,1.86,-0.608,0.569
1077.602862,1.87,-0.774,0.624
1077.606295,1.86,-0.888,0.621
1077.609716,1.85,-1.01,0.636
1077.61309,1.83,-1.12,0.686
1077.616531,1.85,-1.27,0.693
1077.619957,1.55,-1.28,1.6
1077.623344,2,-0.853,1.99
1077.626706,2,0.937,-0.426
1077.630195,2,1.31,-1.33
1077.633548,2,-0.198,0.75
1077.63697,2,0.0304,0.385
1077.640432,2,-0.141,0.212
1077.643896,2,-0.511,0.346
1077.647274,2,-0.444,0.0929
1077.650697,2,-0.536,-0.0396
1077.654123,1.94,-0.71,-0.171
1077.657536,1.49,-0.84,-0.228
1077.660961,1.1,-0.958,-0.229
1077.664378,0.635,-1.17,-0.204
1077.667803,0.136,-1.45,-0.15
1077.671207,-0.189,-1.63,-0.0937
1077.674652,-0.489,-1.87,-0.0339
1077.678087,-0.762,-2,-0.00702
1077.681489,-0.947,-2,0.0923
1077.684921,-1.22,-2,0.157
1077.68835,-1.46,-2,0.262
1077.691783,-1.56,-2,0.425
1077.695206,-1.72,-2,0.5
1077.698602,-1.86,-2,0.487
1077.702085,-1.89,-2,0.461
1077.705472,-1.98,-2,0.426
1077.70888,-1.95,-2,0.514
1077.712268,-1.75,-2,0.76
1077.715691,-1.49,-2,0.462
1077.719205,-1.49,-2,0.221
1077.722583,-1.45,-1.63,0.0268
1077.725973,-1.2,-1.3,-0.0567
1077.729434,-0.956,-1.07,-0.0788
1077.732832,-0.654,-0.657,-0.225
1077.736322,-0.534,-0.398,-0.278
1077.73969,-0.428,-0.161,-0.302
1077.743188,-0.286,0.0637,-0.31
1077.746549,-0.0772,0.252,-0.309
1077.74997,0.205,0.484,-0.28
1077.753396,0.393,0.648,-0.275
1077.756804,0.502,0.804,-0.244
1077.760242,0.626,0.934,-0.264
1077.763694,0.735,1.04,-0.249
1077.767179,0.988,1.1,-0.198
1077.770563,1.18,1.11,-0.151
1077.77397,1.34,1.09,-0.105
1077.777375,1.46,1.03,-0.0405
1077.780817,1.56,0.953,0.0273
1077.784231,1.72,0.794,0.0619
1077.787646,1.84,0.638,0.0998
1077.791066,1.93,0.44,0.164
1077.79447,1.99,0.207,0.244
1077.797862,2,-0.0466,0.362
1077.80134,2,-0.285,0.637
1077.804769,1.23,-0.331,1.29
1077.808246,2,0.0365,0.417
1077.811613,2,0.45,-0.41
1077.815041,2,-1.09,1.26
1077.818505,2,-1.13,1.23
1077.821877,2,-0.682,0.462
1077.827612,2,-0.976,0.587
1077.831229,2,-0.793,0.526
1077.834641,2,-0.936,0.287
1077.838063,2,-0.882,0.219
1077.841434,1.85,-0.942,0.161
1077.844863,1.48,-0.91,0.0286
1077.848323,0.959,-0.868,-0.0273
1077.851782,0.622,-0.858,-0.103
1077.855192,0.317,-0.816,-0.12
1077.858703,0.0943,-0.834,-0.166
1077.86203,-0.197,-0.887,-0.185
1077.86543,-0.568,-0.963,-0.167
1077.868913,-0.803,-1.1,-0.144
1077.872355,-0.987,-1.23,-0.126
1077.875806,-1.19,-1.45,-0.0924
1077.879173,-1.39,-1.81,0.0107
1077.882586,-1.6,-2,0.118
1077.886003,-1.73,-2,0.266
1077.889441,-1.76,-2,0.419
1077.892832,-1.74,-2,0.548
1077.896236,-1.62,-2,0.686
1077.899675,-1.32,-2,0.909
1077.903076,-1.01,-2,1.1
1077.906508,-0.984,-2,0.655
1077.909951,-1.22,-2,0.292
1077.913367,-1.29,-1.89,0.218
1077.916758,-0.961,-1.69,0.211
1077.920173,-0.562,-1.49,0.182
1077.923609,-0.296,-1.2,0.0329
1077.927048,-0.22,-1.02,0.0341
1077.930454,-0.23,-0.696,-0.0499
1077.933884,-0.115,-0.453,-0.11
1077.937353,0.0912,-0.282,-0.14
1077.940765,0.304,-0.13,-0.117
1077.944187,0.448,0.0148,-0.0466
1077.947612,0.553,0.234,-0.0457
1077.951062,0.607,0.4,-0.0541
1077.95446,0.727,0.559,-0.0781
1077.957866,0.878,0.682,-0.0742
1077.961346,1.02,0.778,-0.0501
1077.964726,1.17,0.878,0.00159
1077.968202,1.25,0.927,0.0394
1077.971596,1.33,0.954,0.0678
1077.97501,1.43,0.943,0.0985
1077.978437,1.54,0.904,0.141
1077.981843,1.69,0.771,0.191
1077.985275,1.79,0.626,0.223
1077.988732,1.89,0.46,0.252
1077.992227,1.95,0.265,0.318
1077.99554,1.97,-0.0252,0.462
1077.998987,1.95,-0.252,0.558
1078.002526,1.95,-0.446,0.608
1078.005846,1.98,-0.612,0.631
1078.00939,1.54,-0.713,2
1078.01268,2,0.929,0.121
1078.016122,2,1.6,-1.15
1078.01957,2,0.216,0.244
1078.022935,2,-0.258,0.852
1078.026329,2,0.0772,0.181
1078.029758,2,-0.345,0.274
1078.033184,2,-0.277,0.0867
1078.036611,2,-0.318,-0.114
1078.040608,1.78,-0.52,-0.168
1078.043566,1.26,-0.687,-0.188
1078.046915,0.793,-0.994,-0.199
1078.05032,0.487,-1.23,-0.226
1078.053736,0.0994,-1.52,-0.195
1078.057202,-0.305,-1.86,-0.107
1078.060596,-0.581,-2,0.0592
1078.064013,-0.911,-2,0.168
1078.067472,-1.05,-2,0.262
1078.070864,-1.09,-2,0.419
1078.074287,-1.15,-2,0.545
1078.077709,-1.17,-2,0.672
1078.081186,-0.952,-2,0.874
1078.084579,-0.53,-2,1.25
1078.087982,-0.376,-2,1.09
1078.091446,-0.746,-2,0.545
1078.094825,-1.18,-2,0.222
1078.098274,-1.13,-2,0.105
1078.101794,-0.78,-1.76,0.105
1078.105203,-0.438,-1.47,0.102
1078.108618,-0.334,-1.21,0.108
1078.111969,-0.413,-0.882,-0.0435
1078.115374,-0.485,-0.398,-0.135
1078.118834,-0.412,-0.116,-0.18
1078.122313,-0.244,0.125,-0.181
1078.125713,-0.0622,0.343,-0.139
1078.129179,0.0772,0.63,-0.113
1078.132565,0.132,0.86,-0.143
1078.135982,0.189,1.07,-0.191
1078.139406,0.27,1.23,-0.204
1078.142859,0.374,1.35,-0.183
1078.146325,0.515,1.42,-0.122
1078.1497,0.618,1.46,-0.0905
1078.153189,0.693,1.42,-0.0648
1078.156593,0.745,1.37,-0.0243
1078.159999,0.873,1.26,0.0356
1078.163406,1.04,1.02,0.102
1078.16686,1.14,0.797,0.163
1078.170303,1.24,0.56,0.205
1078.173707,1.34,0.308,0.228
1078.177174,1.41,-0.0596,0.323
1078.180579,1.46,-0.341,0.438
1078.184008,1.46,-0.534,0.509
1078.187436,1.44,-0.811,0.63
1078.190855,0.432,-0.818,1.83
1078.194263,2,0.108,0.729
1078.197715,2,1.77,-1.51
1078.201187,2,0.19,0.0679
1078.204561,2,-0.789,1.28
1078.208058,2,-0.217,0.512
1078.2114,2,-0.548,0.442
1078.214812,2,-0.61,0.404
1078.218339,2,-0.51,0.0628
1078.221721,2,-0.711,0.0338
1078.225237,1.9,-0.87,0.0368
1078.228523,1.27,-1.04,-0.0899
1078.231916,0.893,-1.22,-0.0564
1078.235412,0.523,-1.44,-0.0445
1078.238829,0.0905,-1.6,-0.115
1078.242277,-0.364,-1.84,-0.0314
1078.245688,-0.818,-2,0.0741
1078.249177,-1.09,-2,0.158
1078.2526,-1.37,-2,0.259
1078.255945,-1.52,-2,0.343
1078.259356,-1.54,-2,0.512
1078.262783,-1.5,-2,0.596
1078.266276,-1.54,-2,0.627
1078.269595,-1.5,-2,0.673
1078.273011,-1.32,-2,0.875
1078.276459,-1.05,-2,0.818
1078.27983,-1.14,-2,0.393
1078.283247,-1.3,-2,0.176
1078.286692,-1.21,-1.83,0.0472
1078.29018,-0.918,-1.46,0.0231
1078.293535,-0.667,-1.25,0.0243
1078.296964,-0.456,-0.805,-0.0842
1078.300403,-0.428,-0.49,-0.175
1078.303846,-0.375,-0.208,-0.238
1078.307278,-0.252,0.0508,-0.267
1078.310657,-0.0661,0.305,-0.214
1078.314107,0.175,0.506,-0.183
1078.317538,0.301,0.701,-0.167
1078.320976,0.398,0.89,-0.182
1078.324381,0.474,1.07,-0.19
1078.327781,0.588,1.23,-0.217
1078.331197,0.728,1.29,-0.174
1078.334653,0.896,1.33,-0.144
1078.338057,1.04,1.32,-0.0961
1078.341496,1.15,1.24,-0.0412
1078.344917,1.29,1.09,0.0223
1078.348296,1.38,0.941,0.0942
1078.351833,1.46,0.748,0.165
1078.355181,1.54,0.529,0.215
1078.358628,1.61,0.282,0.293
1078.361999,1.7,-0.0358,0.393
1078.365419,1.73,-0.293,0.497
1078.369542,0.938,-0.404,1.19
1078.372314,2,-0.294,1.44
1078.375684,2,1.02,-0.525
1078.379155,2,0.18,0.115
1078.382553,2,-0.774,1.25
1078.385949,2,-0.397,0.65
1078.389419,2,-0.376,0.341
1078.392845,2,-0.742,0.597
1078.396257,2,-0.526,0.213
1078.399675,2,-0.691,0.22
1078.403042,1.94,-0.823,0.155
1078.406484,1.54,-0.821,0.024
1078.409992,1.19,-0.955,0.0212
1078.413323,0.783,-1.11,-0.0802
1078.416778,0.417,-1.24,-0.134
1078.420218,0.0122,-1.49,-0.106
1078.423624,-0.387,-1.74,-0.03
1078.427031,-0.707,-2,0.153
1078.430455,-1.02,-2,0.301
1078.433817,-1.15,-2,0.401
1078.437267,-1.24,-2,0.42
1078.440753,-1.29,-2,0.415
1078.444151,-1.42,-2,0.505
1078.447529,-1.45,-2,0.619
1078.450932,-1.42,-2,0.607
1078.454345,-1.12,-2,0.638
1078.457812,-0.697,-2,0.932
1078.46121,-0.558,-2,0.822
1078.464598,-0.908,-2,0.38
1078.468053,-1.03,-1.73,0.106
1078.47146,-0.852,-1.42,0.0863
1078.474891,-0.545,-1.21,0.0902
1078.478286,-0.261,-0.923,0.027
1078.481715,-0.186,-0.57,-0.0339
1078.485271,-0.206,-0.305,-0.103
1078.488616,-0.164,-0.0537,-0.15
1078.492285,-0.0262,0.131,-0.164
1078.495516,0.149,0.323,-0.0997
1078.498951,0.324,0.462,-0.0364
1078.502343,0.382,0.601,-0.00927
1078.505762,0.436,0.76,-0.012
1078.509219,0.499,0.878,-0.0339
1078.512648,0.621,1.02,-0.0713
1078.51606,0.74,1.07,-0.0498
1078.519487,0.848,1.1,-0.00518
1078.522918,0.921,1.08,0.0411
1078.526295,0.98,1.03,0.0792
1078.529725,1.11,0.942,0.0811
1078.533149,1.18,0.789,0.148
1078.536979,1.26,0.59,0.232
1078.540023,1.37,0.38,0.266
1078.543438,1.47,0.157,0.312
1078.546866,1.52,-0.161,0.472
1078.550303,1.54,-0.359,0.567
1078.553694,1.56,-0.552,0.64
1078.557129,1.63,-0.674,0.644
1078.560551,1.79,-0.632,0.871
1078.563959,2,-0.461,2
1078.567372,2,2,-1.85
1078.570788,2,2,-2
1078.574279,2,0.417,0.634
1078.577651,2,0.554,0.286
1078.581124,2,0.357,0.0169
1078.584519,2,-0.0762,0.235
1078.587927,2,0.0504,-0.224
1078.591367,2,-0.209,-0.441
1078.594796,2,-0.641,-0.453
1078.598268,1.67,-0.849,-0.593
1078.601682,1.2,-1.11,-0.773
1078.605136,0.638,-1.63,-0.74
1078.608564,0.0984,-2,-0.679
1078.612012,-0.74,-2,-0.546
1078.615402,-1.3,-2,-0.277
1078.618753,-1.71,-2,0
1078.622189,-1.97,-2,0.269
1078.626373,-1.97,-2,0.531
1078.629053,-1.61,-2,0.96
1078.632425,-1.01,-2,1.37
1078.635815,-1.05,-2,1.19
1078.639264,-1.6,-2,0.558
1078.642674,-2,-2,0.186
1078.647051,-2,-2,0.0822
1078.6496,-1.68,-2,0.0683
1078.652925,-1.25,-2,0.0083
1078.656428,-1.1,-1.98,-0.106
1078.659804,-1.09,-1.6,-0.132
1078.66325,-1.19,-1.11,-0.271
1078.666638,-1.1,-0.683,-0.411
1078.670063,-0.875,-0.37,-0.451
1078.673473,-0.646,-0.0648,-0.444
1078.676896,-0.486,0.249,-0.45
1078.680317,-0.351,0.679,-0.484
1078.683746,-0.257,0.987,-0.525
1078.687168,-0.116,1.26,-0.549
1078.690602,0.057,1.49,-0.558
1078.694015,0.243,1.66,-0.556
1078.697471,0.433,1.81,-0.501
1078.70087,0.624,1.88,-0.487
1078.704284,0.795,1.9,-0.454
1078.707721,0.928,1.79,-0.339
1078.711167,1.07,1.64,-0.211
1078.714563,1.26,1.41,-0.0966
1078.71805,1.42,1.18,-0.061
1078.721404,1.58,0.932,-0.0345
1078.724842,1.76,0.641,0.0259
1078.728258,1.84,0.335,0.153
1078.731752,-0.179,0.253,1.98
1078.735158,2,0.0644,1.54
1078.73854,2,2,-2
1078.741914,2,1.47,-0.874
1078.745378,2,-0.47,1.43
1078.74882,2,0.229,0.405
1078.752743,2,-0.176,0.251
1078.755673,2,-0.504,0.307
1078.759048,2,-0.52,-0.0726
1078.762432,2,-0.768,-0.182
1078.765857,2,-1.02,-0.333
1078.769409,2,-1.17,-0.419
1078.772726,1.57,-1.39,-0.462
1078.776144,1.09,-1.54,-0.531
1078.779584,0.683,-1.76,-0.575
1078.782946,0.00152,-2,-0.564
1078.786397,-0.495,-2,-0.526
1078.78981,-0.956,-2,-0.449
1078.793234,-1.3,-2,-0.292
1078.796635,-1.55,-2,-0.0635
1078.800043,-1.9,-2,0.0162
1078.803511,-2,-2,0.0745
1078.806881,-2,-2,0.225
1078.811165,-2,-2,0.365
1078.813778,-2,-2,0.692
1078.817115,-1.4,-2,1.29
1078.820587,-1.17,-2,1.19
1078.823962,-1.5,-2,0.419
1078.827402,-1.99,-2,0.0185
1078.831268,-2,-2,-0.137
1078.83426,-1.55,-2,-0.163
1078.837673,-1.08,-1.9,-0.279
1078.841132,-0.795,-1.6,-0.385
1078.844547,-0.794,-1.25,-0.45
1078.847954,-0.872,-0.952,-0.488
1078.851507,-0.714,-0.546,-0.533
1078.854786,-0.498,-0.279,-0.533
1078.858256,-0.265,-0.0299,-0.517
1078.861673,-0.0978,0.256,-0.496
1078.865118,0.0112,0.672,-0.532
1078.868484,0.124,0.968,-0.568
1078.87192,0.243,1.24,-0.598
1078.875309,0.418,1.46,-0.599
1078.87874,0.62,1.63,-0.58
1078.882181,0.808,1.79,-0.526
1078.886245,1.04,1.86,-0.493
1078.889112,1.19,1.89,-0.419
1078.892501,1.34,1.84,-0.353
1078.895823,1.52,1.75,-0.296
1078.899274,1.68,1.5,-0.165
1078.902667,1.87,1.29,-0.0387
1078.906149,1.97,1.06,0.0472
1078.909514,2,0.745,0.171
1078.912893,2,0.426,0.275
1078.916313,2,0.139,0.39
1078.919703,2,-0.258,0.474
1078.923124,1.19,-0.173,1.89
1078.926548,2,-0.189,2
1078.930003,2,2,-2
1078.933405,2,1.31,-0.649
1078.93681,2,-0.242,1.15
1078.940288,2,0.468,0.0257
1078.943662,2,0.0104,-0.1
1078.947142,2,-0.42,-0.0154
1078.950521,2,-0.368,-0.694
1078.953927,2,-0.796,-0.741
1078.95737,2,-1.17,-0.711
1078.96078,1.3,-1.48,-0.715
1078.964189,0.8,-1.84,-0.718
1078.967654,0.236,-2,-0.622
1078.971123,-0.177,-2,-0.585
1078.974524,-0.666,-2,-0.501
1078.977911,-1.17,-2,-0.293
1078.981296,-1.5,-2,-0.0109
1078.984775,-1.84,-2,0.231
1078.988173,-1.83,-2,0.336
1078.991595,-1.74,-2,0.464
1078.994972,-1.59,-2,0.644
1078.998435,-1.44,-2,0.75
1079.001814,-1.22,-2,0.885
1079.005234,-1.04,-2,0.901
1079.008663,-1.28,-2,0.47
1079.012122,-1.64,-2,0.117
1079.015488,-1.7,-2,-0.0822
1079.018955,-1.44,-2,-0.113
1079.022373,-1.03,-1.83,-0.182
1079.025774,-0.906,-1.4,-0.345
1079.029151,-0.806,-1.05,-0.359
1079.032625,-0.806,-0.686,-0.4
1079.036259,-0.683,-0.169,-0.536
1079.039496,-0.518,0.172,-0.588
1079.042902,-0.321,0.501,-0.623
1079.04633,-0.181,0.796,-0.594
1079.049771,-0.0769,1.04,-0.536
1079.053241,0.0487,1.39,-0.521
1079.056592,0.153,1.58,-0.517
1079.060025,0.24,1.76,-0.486
1079.063412,0.379,1.85,-0.447
1079.066833,0.545,1.91,-0.386
1079.070274,0.746,1.9,-0.298
1079.073689,0.891,1.86,-0.259
1079.077116,1.02,1.76,-0.202
1079.080551,1.16,1.63,-0.156
1079.083978,1.3,1.42,-0.093
1079.087424,1.48,1.08,-0.000793
1079.090854,1.61,0.79,0.0723
1079.094218,1.71,0.472,0.147
1079.097662,1.81,0.182,0.203
1079.101145,1.86,-0.188,0.355
1079.104559,1.96,-0.535,0.422
1079.107938,1.24,-0.632,1.16
1079.111376,2,-0.578,2
1079.114801,2,0.937,-0.706
1079.118225,2,0.853,-0.536
1079.121654,2,-0.578,1.18
1079.125193,2,-0.0975,0.632
1079.128524,2,-0.0126,0.103
1079.131955,2,-0.451,0.249
1079.135416,2,-0.352,-0.0704
1079.138799,2,-0.63,-0.204
1079.142262,2,-0.821,-0.219
1079.145697,2,-0.939,-0.382
1079.149132,1.76,-1.08,-0.44
1079.152732,1.1,-1.39,-0.528
1079.156176,0.61,-1.52,-0.444
1079.159343,0.188,-1.81,-0.434
1079.162782,-0.221,-1.96,-0.462
1079.166191,-0.645,-2,-0.442
1079.169608,-1.12,-2,-0.306
1079.173095,-1.42,-2,-0.141
1079.176474,-1.65,-2,0.00201
1079.179896,-1.84,-2,0.108
1079.183308,-2,-2,0.189
1079.186752,-2,-2,0.346
1079.190154,-2,-2,0.501
1079.193603,-1.91,-2,0.609
1079.196983,-1.89,-2,0.501
1079.200391,-1.81,-2,0.46
1079.203797,-1.61,-2,0.409
1079.20726,-1.36,-2,0.651
1079.210702,-1.15,-2,0.61
1079.214112,-1.12,-2,0.199
1079.217928,-1.18,-2,-0.164
1079.220954,-1.1,-1.69,-0.392
1079.224355,-0.828,-1.3,-0.503
1079.227761,-0.529,-0.954,-0.593
1079.231183,-0.323,-0.67,-0.584
1079.234631,-0.183,-0.37,-0.607
1079.238036,-0.0623,0.0415,-0.623
1079.241434,0.0311,0.342,-0.63
1079.244895,0.19,0.601,-0.625
1079.248309,0.36,0.849,-0.594
1079.251749,0.512,1.06,-0.523
1079.255119,0.668,1.3,-0.481
1079.258663,0.808,1.5,-0.472
1079.261969,0.945,1.62,-0.444
1079.265387,1.05,1.69,-0.392
1079.268845,1.18,1.72,-0.301
1079.272243,1.35,1.71,-0.229
1079.275661,1.49,1.64,-0.178
1079.279097,1.62,1.52,-0.0996
1079.282501,1.76,1.35,-0.0326
1079.285927,1.89,1.09,0.0356
1079.289339,2,0.842,0.088
1079.292733,2,0.535,0.18
1079.296176,2,0.412,0.703
1079.299613,2,0.221,2
1079.303091,2,2,-1.85
1079.30646,2,1.85,-1.03
1079.310247,2,-0.0706,1.15
1079.313325,2,0.278,0.6
1079.316718,2,0.271,0.0537
1079.320161,2,-0.243,0.166
1079.323575,2,-0.21,-0.139
1079.326975,2,-0.577,-0.261
1079.330388,2,-0.779,-0.432
1079.333904,2,-0.933,-0.592
1079.337242,1.88,-1.28,-0.677
1079.340668,1.12,-1.55,-0.758
1079.344092,0.558,-1.89,-0.717
1079.347456,0.0438,-2,-0.56
1079.35089,-0.426,-2,-0.49
1079.354324,-0.898,-2,-0.369
1079.357757,-1.45,-2,-0.195
1079.361206,-1.76,-2,0.0353
1079.364613,-1.95,-2,0.243
1079.368038,-2,-2,0.401
1079.371461,-2,-2,0.487
1079.374828,-1.96,-2,0.456
1079.378266,-1.82,-2,0.457
1079.381662,-1.63,-2,0.541
1079.385079,-1.5,-2,0.538
1079.388536,-1.34,-2,0.82
1079.391924,-1.27,-2,0.526
1079.395343,-1.41,-2,0.0669
1079.398749,-1.43,-2,-0.104
1079.402254,-1.27,-1.95,-0.25
1079.405628,-0.912,-1.52,-0.312
1079.409082,-0.732,-1.26,-0.312
1079.412495,-0.574,-0.903,-0.399
1079.415906,-0.48,-0.541,-0.483
1079.419377,-0.413,-0.226,-0.53
1079.422802,-0.262,0.209,-0.598
1079.426272,-0.0947,0.506,-0.6
1079.429627,0.0563,0.774,-0.558
1079.43308,0.17,1.03,-0.557
1079.436499,0.243,1.27,-0.555
1079.439915,0.423,1.57,-0.581
1079.443317,0.572,1.73,-0.547
1079.446722,0.711,1.81,-0.461
1079.450186,0.835,1.82,-0.363
1079.453608,0.96,1.82,-0.247
1079.456974,1.15,1.77,-0.221
1079.460425,1.33,1.71,-0.215
1079.463839,1.51,1.57,-0.184
1079.467242,1.69,1.35,-0.11
1079.470683,1.83,1.11,0.0479
1079.4742,0.493,0.847,2
1079.4775,2,1.55,0.285
1079.480917,2,2,-2
1079.484315,2,1.63,-0.201
1079.487731,2,0.461,0.829
1079.491224,2,1.28,0.00988
1079.494599,2,0.557,0.279
1079.498015,2,0.525,0.0943
1079.501441,2,0.367,-0.388
1079.504853,2,0.0352,-0.343
1079.508248,2,-0.143,-0.712
1079.511642,2,-0.351,-0.829
1079.515079,2,-0.792,-0.875
1079.518567,1.56,-1.08,-0.942
1079.521933,0.996,-1.55,-0.97
1079.525347,0.32,-2,-0.882
1079.528766,-0.181,-2,-0.812
1079.532205,-0.619,-2,-0.725
1079.535633,-1.03,-2,-0.552
1079.541468,-1.75,-2,0.0193
1079.544974,-1.9,-2,0.225
1079.548395,-2,-2,0.385
1079.551846,-2,-2,0.572
1079.555323,-1.77,-2,0.716
1079.558691,-1.25,-2,0.908
1079.562114,-0.947,-2,1.04
1079.565566,-0.933,-2,0.884
1079.568995,-1.26,-2,0.185
1079.572397,-1.63,-2,-0.15
1079.575778,-1.48,-2,-0.314
1079.579217,-1.08,-2,-0.334
1079.582638,-0.776,-2,-0.395
1079.586118,-0.666,-1.81,-0.542
1079.589445,-0.518,-1.25,-0.612
1079.592848,-0.501,-0.852,-0.655
1079.5963,-0.442,-0.419,-0.743
1079.599751,-0.296,-0.00866,-0.8
1079.603183,-0.0978,0.505,-0.854
1079.606629,0.118,0.892,-0.861
1079.610025,0.2,1.25,-0.836
1079.613402,0.22,1.54,-0.756
1079.616842,0.256,1.8,-0.716
1079.620235,0.318,2,-0.649
1079.623663,0.504,2,-0.615
1079.627083,0.671,2,-0.57
1079.630525,0.787,2,-0.497
1079.633942,0.906,2,-0.455
1079.637368,1.01,2,-0.382
1079.640766,1.17,2,-0.297
1079.644205,1.27,1.85,-0.173
1079.647611,1.4,1.52,-0.0873
1079.651083,1.52,1.19,-0.0218
1079.654513,1.67,0.707,0.116
1079.657951,1.71,0.45,0.524
1079.661354,1.71,0.201,2
1079.664758,2,1.77,-0.649
1079.668286,2,2,-1.36
1079.671627,2,0.136,0.852
1079.675102,2,0.466,0.591
1079.678468,2,0.205,0.198
1079.68188,2,-0.17,0.284
1079.6853,2,-0.32,0.123
1079.68872,2,-0.442,-0.105
1079.692156,2,-0.716,-0.144
1079.695609,2,-0.884,-0.245
1079.699127,2,-1.06,-0.354
1079.702484,1.62,-1.36,-0.291
1079.705881,1.09,-1.63,-0.25
1079.709327,0.738,-1.82,-0.179
1079.712715,0.376,-2,-0.126
1079.716144,0.0733,-2,-0.181
1079.719656,-0.158,-2,-0.26
1079.7231,-0.523,-2,-0.221
1079.72649,-0.85,-2,-0.106
1079.729874,-1.14,-2,0.0061
1079.733331,-1.39,-2,0.158
1079.73675,-1.53,-2,0.314
1079.740192,-1.58,-2,0.339
1079.743625,-1.75,-2,0.385
1079.747077,-1.82,-2,0.433
1079.750457,-1.79,-2,0.463
1079.753897,-1.55,-2,0.486
1079.757482,-1.18,-2,0.746
1079.760733,-0.793,-2,0.935
1079.764172,-0.818,-2,0.505
1079.767617,-1.1,-2,0.0791
1079.771104,-1.14,-2,-0.245
1079.774492,-0.946,-2,-0.369
1079.777862,-0.611,-1.76,-0.475
1079.781249,-0.363,-1.46,-0.495
1079.784696,-0.261,-1.17,-0.489
1079.788163,-0.267,-0.728,-0.529
1079.791568,-0.222,-0.37,-0.608
1079.795077,-0.117,-0.0257,-0.666
1079.798449,0.0565,0.271,-0.674
1079.801871,0.162,0.693,-0.671
1079.805294,0.278,1.01,-0.674
1079.808767,0.329,1.32,-0.662
1079.812128,0.373,1.55,-0.648
1079.815583,0.468,1.74,-0.595
1079.818959,0.613,1.95,-0.509
1079.82241,0.845,2,-0.424
1079.825826,0.985,2,-0.362
1079.829218,1.14,2,-0.316
1079.832617,1.31,2,-0.266
1079.836088,1.52,1.93,-0.187
1079.839515,0.56,2,1.06
1079.842878,2,1.87,1.47
1079.846307,2,2,-2
1079.849859,2,2,-1.8
1079.853209,2,1.06,0.904
1079.856552,2,1.35,0.212
1079.859991,2,0.916,0.0102
1079.863451,2,0.241,0.278
1079.866832,2,0.0479,0.217
1079.87032,2,-0.313,0.134
1079.873701,2,-0.608,-0.161
1079.877073,1.9,-0.763,-0.0652
1079.880486,1.78,-0.906,-0.213
1079.883906,1.54,-1.04,-0.3
1079.887368,1.18,-1.37,-0.243
1079.890778,0.767,-1.54,-0.184
1079.894166,0.446,-1.75,-0.158
1079.897622,0.21,-1.92,-0.232
1079.901122,-0.00756,-2,-0.203
1079.904491,-0.295,-2,-0.122
1079.90789,-0.504,-2,-0.0304
1079.911325,-0.739,-2,0.0764
1079.914755,-0.936,-2,0.161
1079.918205,-1.1,-2,0.275
1079.921616,-1.25,-2,0.391
1079.925063,-1.41,-2,0.474
1079.928468,-1.44,-2,0.528
1079.931883,-1.39,-2,0.581
1079.935315,-1.22,-2,0.7
1079.938701,-0.395,-2,1.14
1079.942176,-0.217,-2,0.846
1079.945617,-0.749,-2,0.429
1079.949044,-1.16,-2,0.139
1079.952569,-1.13,-2,-0.0573
1079.955859,-0.651,-1.95,-0.0926
1079.959391,-0.287,-1.68,-0.198
1079.962708,-0.177,-1.34,-0.225
1079.966187,-0.352,-1.11,-0.172
1079.96963,-0.41,-0.667,-0.249
1079.973057,-0.285,-0.349,-0.328
1079.976438,-0.0972,-0.0591,-0.366
1079.980324,0.0546,0.223,-0.396
1079.983301,0.101,0.503,-0.361
1079.986699,0.124,0.871,-0.389
1079.99059,0.16,1.15,-0.391
1079.993614,0.232,1.4,-0.375
1079.997053,0.286,1.57,-0.306
1080.000419,0.363,1.71,-0.236
1080.00385,0.529,1.87,-0.226
1080.007346,0.695,1.96,-0.219
1080.010675,0.867,2,-0.197
1080.014098,1.04,1.95,-0.162
1080.01811,0.103,1.9,2
1080.02125,2,2,-1.67
1080.024421,2,2,-2
1080.027725,2,2,0.167
1080.031177,2,1.6,0.711
1080.034631,2,1.95,-0.248
1080.038065,2,0.94,0.0573
1080.041439,2,0.627,0.118
1080.044841,2,0.296,-0.0326
1080.048275,2,0.00866,0.0571
1080.0517,2,-0.37,-0.295
1080.055099,2,-0.617,-0.483
1080.058558,1.78,-0.935,-0.405
1080.061979,1.43,-1.22,-0.382
1080.065391,1.04,-1.47,-0.388
1080.068798,0.652,-1.77,-0.443
1080.072228,0.148,-2,-0.335
1080.075604,-0.205,-2,-0.245
1080.079044,-0.525,-2,-0.103
1080.082479,-0.817,-2,0.00561
1080.085909,-1.01,-2,0.165
1080.089328,-1.29,-2,0.305
1080.092732,-1.47,-2,0.45
1080.096178,-1.65,-2,0.624
1080.099626,-1.71,-2,0.786
1080.103158,-1.61,-2,0.853
1080.106459,-1.41,-2,0.683
1080.109866,-1.25,-2,0.524
1080.113393,-1.29,-2,0.446
1080.11669,-1.27,-2,0.322
1080.120136,-1.17,-2,0.202
1080.12365,-0.967,-2,0.119
1080.127057,-0.741,-2,0.0643
1080.130459,-0.6,-1.95,-0.0238
1080.13471,-0.515,-1.56,-0.13
1080.137376,-0.432,-1.09,-0.229
1080.140785,-0.326,-0.657,-0.359
1080.144172,-0.195,-0.302,-0.379
1080.147624,-0.00744,0.0846,-0.432
1080.151064,0.236,0.473,-0.527
1080.154484,0.354,1.02,-0.549
1080.157877,0.531,1.34,-0.518
1080.161281,0.776,1.61,-0.457
1080.164697,1.04,1.83,-0.48
1080.16819,1.33,2,-0.5
1080.172521,1.59,2,-0.362
1080.175089,1.7,2,-0.238
1080.178361,1.9,1.95,-0.131
1080.181774,1.97,1.79,-0.00811
1080.185211,2,1.53,0.149
1080.188734,1.9,1.23,0.275
1080.192075,2,0.957,0.323
1080.195422,2,0.693,0.405
1080.19887,2,0.382,0.477
1080.202313,2,0.157,0.511
1080.205734,2,-0.222,0.58
1080.209147,2,-0.414,0.613
1080.212591,1.98,-0.653,0.705
1080.216038,1.83,-0.808,0.696
1080.219412,1.69,-0.887,0.64
1080.2236,1.49,-1.01,0.636
1080.226327,1.36,-1.11,0.644
1080.229615,1.28,-1.22,0.732
1080.233038,1.1,-1.13,0.559
1080.23649,0.957,-1.15,0.597
1080.239891,0.827,-1.13,0.537
1080.243328,0.689,-1.08,0.496
1080.246724,0.572,-1.09,0.482
1080.25017,0.458,-1.05,0.453
1080.253662,0.359,-1.05,0.408
1080.257384,0.225,-1.06,0.407
1080.260466,0.158,-1.09,0.369
1080.263879,0.0853,-1.12,0.38
1080.267306,-0.0174,-1.2,0.387
1080.270701,-0.0812,-1.29,0.402
1080.274184,-0.189,-1.41,0.433
1080.277549,-0.261,-1.52,0.469
1080.281037,-0.31,-1.62,0.47
1080.284468,-0.402,-1.71,0.466
1080.287837,-0.51,-1.83,0.473
1080.291309,-0.715,-1.96,0.366
1080.294694,-0.651,-2,0.423
1080.298121,-0.351,-2,0.704
1080.301598,-0.12,-2,1.02
1080.305062,-0.0788,-1.92,0.651
1080.308455,-0.258,-1.52,0.292
1080.311859,-0.357,-1.28,0.244
1080.315265,-0.253,-1.13,0.318
1080.318734,-0.0199,-0.987,0.343
1080.322175,0.206,-0.727,0.268
1080.325569,0.177,-0.554,0.232
1080.329075,0.0741,-0.343,0.176
1080.332411,0.109,-0.159,0.133
1080.335832,0.233,0.0173,0.108
1080.339264,0.344,0.175,0.163
1080.342727,0.384,0.321,0.199
1080.34612,0.4,0.456,0.182
1080.349538,0.434,0.596,0.148
1080.352918,0.493,0.737,0.145
1080.356402,0.657,0.963,0.49
1080.359796,0.677,0.977,1.9
1080.363195,2,1.55,0.64
1080.366619,2,2,-1.66
1080.370066,2,2,-0.514
1080.373466,2,2,0.219
1080.376818,2,2,-0.261
1080.380262,2,1.95,0.177
1080.383707,2,1.57,0.211
1080.387126,2,1.12,0.168
1080.390549,2,0.501,0.275
1080.393922,2,0.298,0.147
1080.397346,2,0.055,0.113
1080.400887,1.94,-0.186,0.00683
1080.404217,1.57,-0.38,-0.0883
1080.407734,1.29,-0.625,-0.0367
1080.411047,1.06,-0.76,-0.0466
1080.414471,0.815,-0.899,-0.0815
1080.41794,0.613,-1.04,-0.0894
1080.421353,0.489,-1.24,-0.0986
1080.424832,0.294,-1.42,-0.116
1080.428187,0.123,-1.61,-0.0863
1080.431639,-0.00531,-1.72,-0.0935
1080.435032,-0.142,-1.9,-0.119
1080.438494,-0.202,-2,-0.121
1080.441893,-0.434,-2,-0.0222
1080.445323,-0.574,-2,0.0442
1080.448754,-0.699,-2,0.0847
1080.452191,-0.818,-2,0.101
1080.455636,-0.929,-2,0.184
1080.459125,-1.06,-2,0.316
1080.462502,-1.07,-2,0.454
1080.465899,-1.03,-2,0.544
1080.469287,-0.963,-2,0.588
1080.472732,-0.943,-2,0.604
1080.476144,-0.881,-2,0.402
1080.479556,-0.88,-2,0.252
1080.483033,-0.898,-2,0.243
1080.486435,-0.812,-2,0.143
1080.489847,-0.691,-2,0.0473
1080.493273,-0.628,-1.97,-0.0504
1080.496703,-0.572,-1.61,-0.0744
1080.500103,-0.52,-1.24,-0.199
1080.503533,-0.44,-0.765,-0.319
1080.507024,-0.258,-0.255,-0.416
1080.51041,-0.143,0.131,-0.527
1080.51381,-0.0201,0.456,-0.418
1080.517299,0.196,0.675,-0.321
1080.520709,0.406,1.01,-0.364
1080.524129,0.52,1.48,-0.447
1080.52757,0.623,1.73,-0.392
1080.531019,0.819,1.95,-0.283
1080.534815,1.04,2,-0.107
1080.537871,1.04,2,-0.159
1080.541267,0.961,2,-0.208
1080.544641,1.03,2,-0.12
1080.54807,1.38,2,-0.00372
1080.551527,1.59,2,-0.0516
1080.554928,1.83,2,0.0106
1080.558327,2,2,0.0361
1080.561702,2,1.96,0.104
1080.56514,2,1.58,0.188
1080.568751,2,1.15,0.261
1080.572062,2,0.763,0.331
1080.575396,2,0.289,0.387
1080.578799,2,-0.159,0.465
1080.582246,2,-0.404,0.452
1080.585626,2,-0.718,0.547
1080.589081,2,-1.05,0.581
1080.592495,2,-1.25,0.509
1080.59596,2,-1.46,0.49
1080.599339,2,-1.67,0.485
1080.602779,2,-1.81,0.457
1080.606213,1.9,-1.96,0.451
1080.609593,1.55,-2,0.388
1080.613023,1.33,-2,0.403
1080.61643,1.09,-2,0.362
1080.619881,0.878,-2,0.327
1080.623262,0.659,-2,0.236
1080.626715,0.259,-2,0.199
1080.630134,0.0181,-2,0.206
1080.633533,-0.188,-2,0.149
1080.637048,-0.395,-2,0.144
1080.640539,-0.654,-2,0.0897
1080.643834,-0.889,-2,0.057
1080.64729,-1.15,-2,0.0172
1080.650721,-1.33,-2,0.0344
1080.654126,-1.47,-2,-0.0022
1080.657591,-1.58,-2,0.0425
1080.661006,-1.79,-1.98,0.0279
1080.664418,-1.85,-1.89,0.108
1080.667848,-1.87,-1.72,0.0253
1080.671334,-1.87,-1.55,-0.00671
1080.674715,-1.57,-1.52,0.179
1080.678337,-1.58,-1.2,0.0733
1080.681565,-1.62,-1.02,-0.00213
1080.685024,-1.54,-0.806,-0.0151
1080.688423,-1.31,-0.678,0.0365
1080.691849,-1.05,-0.528,0.0839
1080.695324,-0.899,-0.3,0.0472
1080.698703,-0.687,-0.122,-0.00451
1080.702172,-0.495,0.143,-0.0784
1080.705735,-0.288,0.346,-0.0276
1080.709018,0.0061,0.511,0.012
1080.712393,0.249,0.637,0.0337
1080.716006,0.48,0.794,0.0678
1080.719288,0.694,0.948,0.11
1080.722717,1.01,1.16,0.142
1080.726126,1.29,1.26,0.194
1080.729554,1.61,1.37,0.249
1080.733005,1.93,1.44,0.298
1080.736409,2,1.49,0.342
1080.739811,2,1.43,0.458
1080.743254,2,1.35,0.526
1080.746677,2,1.17,0.638
1080.750061,2,0.95,0.729
1080.753535,2,0.729,0.719
1080.756942,2,0.356,0.734
1080.760316,2,-0.0363,0.851
1080.763723,2,-0.365,0.875
1080.767165,2,-0.646,0.866
1080.770602,2,-0.88,0.841
1080.774019,2,-1.07,0.666
1080.777416,2,-1.19,0.602
1080.780824,2,-1.33,0.545
1080.784356,1.74,-1.41,0.449
1080.78769,1.46,-1.45,0.338
1080.791195,1.08,-1.61,0.25
1080.794554,0.738,-1.66,0.202
1080.798,0.386,-1.74,0.16
1080.801397,0.0772,-1.79,0.135
1080.804811,-0.235,-1.83,0.0975
1080.80827,-0.588,-1.88,0.0586
1080.811684,-0.851,-1.89,0.0334
1080.8151,-1.06,-1.92,0.0121
1080.818524,-1.25,-1.91,-0.0142
1080.821931,-1.44,-1.91,-0.0672
1080.825451,-1.71,-1.88,-0.0968
1080.828776,-1.88,-1.86,-0.121
1080.832212,-2,-1.83,-0.13
1080.835593,-2,-1.8,-0.119
1080.839031,-2,-1.76,-0.0648
1080.842461,-2,-1.75,-0.0579
1080.845883,-2,-1.71,-0.0265
1080.849312,-2,-1.66,-0.00159
1080.852727,-2,-1.62,-0.00561
1080.856206,-2,-1.48,-0.0454
1080.859586,-1.98,-1.37,-0.0298
1080.863025,-1.76,-1.27,-0.0181
1080.866439,-1.49,-1.17,-0.00384
1080.869883,-1.2,-1.06,0.00695
1080.87333,-0.769,-0.954,0.055
1080.87673,-0.454,-0.863,0.085
1080.88017,-0.162,-0.785,0.14
1080.884026,0.132,-0.683,0.213
1080.887047,0.44,-0.539,0.27
1080.890481,0.822,-0.316,0.326
1080.893867,1.1,-0.103,0.344
1080.897287,1.4,0.129,0.351
1080.900695,1.77,0.394,0.391
1080.904127,2,0.614,0.441
1080.907557,2,0.976,0.491
1080.911002,2,1.22,0.518
1080.91437,2,1.41,0.539
1080.917814,2,1.54,0.585
1080.921198,2,1.56,0.648
1080.924672,2,1.49,0.7
1080.928058,2,1.32,0.72
1080.931476,2,1.04,0.751
1080.934859,2,0.647,0.774
1080.938313,2,0.251,0.73
1080.9417,2,-0.255,0.765
1080.945108,2,-0.554,0.755
1080.948522,2,-0.764,0.668
1080.95202,1.86,-0.949,0.618
1080.955399,1.52,-1.12,0.561
1080.958805,1.03,-1.27,0.484
1080.9622,0.693,-1.37,0.414
1080.965609,0.392,-1.43,0.347
1080.969248,0.119,-1.49,0.246
1080.972527,-0.115,-1.57,0.174
1080.975924,-0.383,-1.66,0.121
1080.979329,-0.557,-1.74,0.0732
1080.982753,-0.735,-1.83,0.0154
1080.98618,-0.895,-1.9,-0.0292
1080.989583,-1.05,-2,-0.0792
1080.993047,-1.25,-2,-0.13
1080.996491,-1.41,-2,-0.129
1080.999906,-1.58,-2,-0.132
1081.003328,-1.74,-2,-0.137
1081.006805,-1.89,-2,-0.114
1081.0102,-2,-2,-0.0743
1081.013577,-2,-2,-0.0368
1081.017042,-2,-2,-0.0275
1081.02046,-2,-2,-0.0321
1081.023916,-2,-2,0.0659
1081.027289,-2,-1.99,0.0808
1081.030923,-1.93,-1.8,0.0296
1081.034174,-1.71,-1.61,0.0229
1081.037574,-1.43,-1.42,0.0146
1081.040992,-1.16,-1.18,0.0058
1081.044452,-0.811,-1,-0.0036
1081.047881,-0.524,-0.855,0.0304
1081.051274,-0.223,-0.7,0.0802
1081.054733,0.0612,-0.512,0.111
1081.058183,0.38,-0.213,0.144
1081.061621,0.602,0.0301,0.211
1081.064992,0.871,0.299,0.253
1081.068488,1.24,0.619,0.234
1081.071863,1.7,0.934,0.247
1081.075259,2,1.36,0.297
1081.078679,2,1.65,0.308
1081.082174,2,1.92,0.325
1081.085548,2,2,0.356
1081.088989,2,2,0.399
1081.092362,2,2,0.457
1081.095735,2,1.98,0.502
1081.099163,2,1.68,0.562
1081.10262,2,1.21,0.625
1081.106086,2,0.711,0.636
1081.109452,2,0.0881,0.647
1081.112885,2,-0.258,0.684
1081.116288,2,-0.712,0.698
1081.119673,2,-0.988,0.651
1081.123129,1.96,-1.26,0.656
1081.126531,1.58,-1.55,0.611
1081.129983,1.29,-1.7,0.541
1081.133389,0.98,-1.84,0.497
1081.13684,0.701,-1.99,0.476
1081.140176,0.465,-2,0.423
1081.143609,0.146,-2,0.327
1081.147036,-0.0815,-2,0.249
1081.150483,-0.272,-2,0.171
1081.153889,-0.455,-2,0.0996
1081.157359,-0.639,-2,0.0462
1081.160748,-0.899,-2,-0.0254
1081.164137,-1.09,-2,-0.102
1081.167592,-1.29,-2,-0.179
1081.171,-1.51,-2,-0.222
1081.174476,-1.72,-2,-0.282
1081.177856,-2,-2,-0.303
1081.181234,-2,-2,-0.289
1081.184708,-2,-2,-0.261
1081.188123,-2,-2,-0.232
1081.191533,-2,-1.9,-0.221
1081.195009,-2,-1.82,-0.152
1081.198396,-2,-1.69,-0.144
1081.201842,-2,-1.53,-0.148
1081.20581,-2,-1.36,-0.128
1081.208653,-1.93,-1.2,-0.16
1081.21208,-1.52,-0.945,-0.182
1081.215525,-1.2,-0.77,-0.189
1081.21897,-0.884,-0.635,-0.149
1081.222375,-0.553,-0.474,-0.0897
1081.225785,-0.228,-0.184,-0.00482
1081.229243,0.171,0.0681,0.0921
1081.232633,0.515,0.331,0.159
1081.236069,0.968,0.683,0.167
1081.239533,1.48,1.05,0.217
1081.242968,2,1.56,0.32
1081.246345,2,1.97,0.318
1081.24975,2,2,0.305
1081.255518,2,2,0.352
1081.259125,2,2,0.376
1081.262584,2,2,0.363
1081.265992,2,2,0.326
1081.269388,2,1.86,0.349
1081.272775,2,1,0.497
1081.276243,2,0.393,0.595
1081.27967,2,-0.214,0.635
1081.283033,2,-0.636,0.508
1081.286463,2,-1.09,0.499
1081.289933,2,-1.52,0.393
1081.29331,2,-1.76,0.253
1081.296735,2,-2,0.161
1081.300297,1.65,-2,0.0972
1081.303544,1.21,-2,-0.0155
1081.307011,0.801,-2,-0.154
1081.310383,0.337,-2,-0.268
1081.313808,0.0339,-2,-0.408
1081.317357,-0.271,-2,-0.524
1081.320668,-0.59,-2,-0.609
1081.324118,-1.05,-2,-0.702
1081.327517,-1.4,-2,-0.796
1081.330992,-1.81,-2,-0.873
1081.334415,-2,-2,-0.902
1081.337772,-2,-2,-0.879
1081.341289,-2,-2,-0.803
1081.344621,-2,-2,-0.762
1081.348047,-2,-2,-0.645
1081.351487,-2,-2,-0.55
1081.354879,-2,-2,-0.47
1081.358291,-2,-2,-0.431
1081.361656,-2,-2,-0.448
1081.365089,-2,-2,-0.478
1081.368539,-2,-2,-0.508
1081.371984,-2,-1.96,-0.539
1081.375339,-2,-1.67,-0.66
1081.378767,-1.97,-1.45,-0.778
1081.382185,-1.51,-1.19,-0.881
1081.385607,-1.11,-0.892,-0.924
1081.389016,-0.787,-0.6,-0.91
1081.392433,-0.297,-0.126,-0.804
1081.39587,0.132,0.279,-0.69
1081.399295,0.616,0.772,-0.629
1081.402727,1.25,1.38,-0.685
1081.40622,2,2,-0.795
1081.409538,2,2,-0.818
1081.413004,2,2,-0.676
1081.416374,2,2,-0.578
1081.419765,2,2,-0.505
1081.423225,2,2,-0.43
1081.426611,2,2,-0.352
1081.430055,2,2,-0.169
1081.433519,2,2,-0.0553
1081.436998,2,1.94,-0.157
1081.440364,2,1.11,0.0872
1081.443764,2,0.151,0.187
1081.447164,2,-0.612,0.226
1081.450608,2,-1.2,0.183
1081.453979,2,-1.68,0.0755
1081.457465,2,-2,-0.00403
1081.460846,2,-2,-0.0831
1081.464273,2,-2,-0.204
1081.46768,1.9,-2,-0.312
1081.471137,1.38,-2,-0.418
1081.474556,0.954,-2,-0.567
1081.477972,0.481,-2,-0.824
1081.481327,0.0833,-2,-1.06
1081.48476,-0.362,-2,-1.24
1081.488231,-0.848,-2,-1.37
1081.491619,-1.31,-2,-1.48
1081.495105,-1.95,-2,-1.68
1081.498499,-2,-2,-1.82
1081.501901,-2,-2,-1.97
1081.505298,-2,-2,-1.94
1081.50871,-2,-2,-1.83
1081.512146,-2,-2,-1.47
1081.515547,-2,-2,-1.28
1081.518985,-2,-2,-1.1
1081.522417,-2,-2,-0.891
1081.525825,-2,-2,-0.732
1081.529219,-2,-2,-0.668
1081.532656,-2,-2,-0.711
1081.53611,-2,-2,-0.805
1081.539527,-2,-2,-0.888
1081.542956,-2,-2,-1.04
1081.546368,-2,-2,-1.22
1081.549796,-1.74,-1.88,-1.3
1081.553207,-1.26,-1.62,-1.29
1081.556629,-0.887,-1.34,-1.24
1081.560048,-0.49,-0.996,-1.16
1081.563519,0.0452,-0.376,-1.13
1081.567019,0.535,0.152,-1.08
1081.570381,1.26,0.853,-1.15
1081.573775,2,1.7,-1.26
1081.577226,2,2,-1.38
1081.580612,2,2,-1.36
1081.584047,2,2,-1.21
1081.587473,2,2,-1.12
1081.591016,2,2,-0.854
1081.594339,2,2,-0.753
1081.597697,2,2,-0.67
1081.601166,2,1.42,-0.552
1081.605084,2,0.849,-0.338
1081.608054,2,0.742,-0.13
1081.611432,2,-0.0658,-0.066
1081.614824,2,-0.892,-0.105
1081.618287,2,-1.68,-0.194
1081.621669,2,-2,-0.304
1081.625101,2,-2,-0.43
1081.628536,2,-2,-0.643
1081.63197,2,-2,-0.789
1081.635353,2,-2,-0.92
1081.638788,1.65,-2,-1.09
1081.642221,1.25,-2,-1.3
1081.645638,0.525,-2,-1.63
1081.649052,0.0479,-2,-2
1081.652473,-0.477,-2,-2
1081.655871,-1.23,-2,-2
1081.659301,-1.88,-2,-2
1081.662707,-2,-2,-2
1081.666122,-2,-2,-2
1081.669582,-2,-2,-2
1081.672971,-2,-2,-2
1081.676382,-2,-2,-2
1081.679822,-2,-2,-2
1081.683184,-2,-2,-1.79
1081.686623,-2,-2,-1.42
1081.690058,-2,-2,-1.09
1081.693503,-2,-2,-0.876
1081.696964,-2,-2,-0.991
1081.700403,-2,-2,-1.22
1081.703763,-2,-2,-1.36
1081.70717,-2,-2,-1.47
1081.710535,-2,-2,-1.67
1081.71396,-2,-1.91,-1.97
1081.717349,-1.84,-1.5,-2
1081.720793,-1.17,-1.11,-2
1081.724225,-0.493,-0.635,-2
1081.727626,0.174,-0.144,-2
1081.731067,1.11,0.704,-2
1081.734758,2,1.5,-2
1081.737987,2,2,-2
1081.741349,2,2,-2
1081.744715,2,2,-2
1081.748153,2,2,-1.81
1081.751538,2,2,-1.68
1081.75496,2,2,-1.5
1081.758359,2,1.62,-1.33
1081.761773,2,1.23,-1.11
1081.76521,2,0.852,-0.782
1081.768621,2,0.175,-0.483
1081.772077,2,-0.127,-0.221
1081.775457,2,-0.816,-0.236
1081.778948,2,-1.86,-0.293
1081.782312,2,-2,-0.416
1081.7857,2,-2,-0.557
1081.789148,2,-2,-0.748
1081.792592,2,-2,-1.03
1081.795954,2,-2,-1.21
1081.799436,2,-2,-1.53
1081.802821,2,-2,-1.84
1081.806259,1.45,-2,-2
1081.809633,0.882,-2,-2
1081.813076,0.151,-2,-2
1081.816492,-1.07,-2,-2
1081.819991,-1.72,-2,-2
1081.823315,-2,-2,-2
1081.826778,-2,-2,-2
1081.830147,-2,-2,-2
1081.833713,-2,-2,-2
1081.837032,-2,-2,-2
1081.840406,-2,-2,-2
1081.843791,-2,-2,-1.7
1081.847237,-2,-2,-1.22
1081.85065,-2,-2,-0.822
1081.854079,-2,-2,-0.642
1081.857495,-2,-2,-0.801
1081.860971,-2,-2,-1.05
1081.864352,-2,-2,-1.13
1081.867894,-2,-2,-1.4
1081.87119,-2,-2,-1.89
1081.87464,-2,-1.75,-2
1081.878043,-2,-1.29,-2
1081.881487,-1.36,-0.827,-2
1081.884996,-0.341,-0.153,-2
1081.88834,0.525,0.419,-2
1081.89176,1.46,1.12,-2
1081.895123,2,1.96,-2
1081.898528,2,2,-2
1081.902198,2,2,-2
1081.905372,2,2,-2
1081.908729,2,2,-2
1081.912193,2,2,-1.78
1081.915578,2,2,-1.59
1081.919036,2,0.996,-1.07
1081.922519,2,0.693,-0.754
1081.925899,2,0.326,-0.425
1081.929301,2,-0.0664,-0.118
1081.932697,2,-0.458,-0.0386
1081.936143,2,-1.84,0.0847
1081.939552,2,-2,0.134
1081.942971,2,-2,0.00805
1081.946366,2,-2,-0.267
1081.949798,2,-2,-0.564
1081.953232,2,-2,-0.913
1081.956746,2,-2,-1.21
1081.960072,2,-2,-1.55
1081.963475,1.96,-2,-1.99
1081.967,1.28,-2,-2
1081.970328,0.448,-2,-2
1081.973754,-0.624,-2,-2
1081.977115,-1.44,-2,-2
1081.980564,-2,-2,-2
1081.984003,-2,-2,-2
1081.987364,-2,-2,-2
1081.990736,-2,-2,-2
1081.99416,-2,-2,-2
1081.997574,-2,-2,-1.47
1082.001019,-2,-2,-1.04
1082.004478,-2,-2,-0.479
1082.007957,-2,-2,-0.187
1082.011312,-2,-2,-0.182
1082.014715,-2,-2,-0.44
1082.018131,-2,-2,-0.579
1082.021526,-2,-2,-0.609
1082.024931,-2,-2,-0.856
1082.02838,-2,-1.47,-1.26
1082.031795,-2,-0.744,-1.65
1082.035209,-1.85,-0.138,-1.71
1082.038638,-1.14,0.474,-1.85
1082.042058,0.0239,1.41,-1.91
1082.045481,0.994,2,-1.98
1082.048929,1.99,2,-2
1082.052351,2,2,-2
1082.055835,2,2,-1.9
1082.059172,2,2,-1.84
1082.062604,2,2,-2
1082.065998,2,2,-1.48
1082.069413,2,2,-1.3
1082.072837,2,2,-1.03
1082.076252,2,1.53,-0.734
1082.079705,2,0.815,-0.368
1082.08311,2,0.161,-0.219
1082.086533,2,-0.613,-0.249
1082.089963,2,-1.84,-0.0659
1082.093338,2,-2,-0.0218
1082.09676,2,-2,-0.179
1082.100475,2,-2,-0.441
1082.103644,2,-2,-0.663
1082.10716,2,-2,-0.894
1082.110459,2,-2,-1.11
1082.113945,1.84,-2,-1.45
1082.117332,1.17,-2,-1.65
1082.120704,0.503,-2,-2
1082.124162,-0.259,-2,-2
1082.127538,-1.45,-2,-2
1082.130921,-2,-2,-2
1082.134368,-2,-2,-2
1082.137846,-2,-2,-2
1082.141238,-2,-2,-1.57
1082.144625,-2,-2,-1.1
1082.148064,-2,-2,-0.786
1082.151476,-2,-2,-0.537
1082.15494,-2,-2,-0.266
1082.158383,-2,-2,-0.117
1082.161766,-2,-2,-0.198
1082.165184,-2,-2,-0.305
1082.168592,-2,-2,-0.31
1082.172059,-2,-2,-0.483
1082.175458,-2,-1.32,-0.874
1082.178927,-2,-0.6,-1.21
1082.182319,-1.83,0.0178,-1.3
1082.185742,-1.19,0.577,-1.35
1082.189137,-0.404,1.22,-1.36
1082.192542,0.681,2,-1.34
1082.195944,1.51,2,-1.36
1082.19941,2,2,-1.58
1082.202808,2,2,-1.29
1082.206258,2,2,-0.999
1082.209602,2,2,-1.1
1082.213092,2,2,-1.09
1082.216488,2,2,-1.05
1082.219866,2,2,-0.757
1082.223304,2,2,-0.466
1082.226681,2,1.87,-0.382
1082.230103,2,1.16,-0.247
1082.233503,2,0.379,-0.131
1082.236911,2,-0.408,-0.125
1082.240486,2,-1.11,-0.145
1082.243808,2,-1.89,-0.122
1082.247205,2,-2,-0.0952
1082.25067,2,-2,-0.159
1082.254059,2,-2,-0.264
1082.257508,1.74,-2,-0.327
1082.260918,1.13,-2,-0.382
1082.264397,0.738,-2,-0.455
1082.267756,0.374,-2,-0.56
1082.271185,-0.0228,-2,-0.703
1082.274577,-0.399,-2,-0.868
1082.278011,-0.874,-2,-1.1
1082.281451,-1.29,-2,-1.25
1082.28518,-1.75,-2,-1.34
1082.288332,-2,-2,-1.36
1082.291747,-2,-2,-1.32
1082.295122,-2,-2,-1.2
1082.298526,-2,-2,-1.11
1082.301937,-2,-2,-0.873
1082.305404,-2,-2,-0.622
1082.308832,-2,-2,-0.58
1082.312205,-2,-2,-0.451
1082.315657,-2,-2,-0.317
1082.319047,-2,-2,-0.288
1082.322474,-2,-2,-0.316
1082.325913,-2,-1.83,-0.332
1082.329295,-2,-1.53,-0.347
1082.332712,-2,-1.3,-0.445
1082.336134,-1.51,-0.997,-0.535
1082.339563,-0.92,-0.71,-0.549
1082.343022,-0.54,-0.375,-0.508
1082.346427,0.0904,0.0713,-0.47
1082.349859,0.737,0.462,-0.458
1082.353252,1.35,0.867,-0.388
1082.356698,1.91,1.3,-0.294
1082.360086,2,1.77,-0.201
1082.363486,2,2,-0.159
1082.367181,2,2,-0.164
1082.370405,2,2,-0.122
1082.373749,2,2,-0.0526
1082.377187,2,2,-0.00433
1082.380556,2,2,0.0341
1082.38405,2,2,0.0722
1082.387475,2,2,0.11
1082.390937,2,2,0.162
1082.394277,2,1.43,0.182
1082.397707,2,0.475,0.23
1082.401114,2,-0.0217,0.0436
1082.404538,2,-0.597,0.0515
1082.407982,2,-1.09,0.0487
1082.411403,2,-1.46,-0.0301
1082.414803,2,-1.92,-0.141
1082.418214,1.64,-2,-0.221
1082.422084,1.28,-2,-0.319
1082.425113,0.925,-2,-0.431
1082.42848,0.616,-2,-0.59
1082.431927,0.172,-2,-0.784
1082.435288,-0.19,-2,-0.895
1082.438726,-0.61,-2,-0.965
1082.442108,-1.03,-2,-1.02
1082.445503,-1.47,-2,-1.03
1082.448993,-2,-2,-0.995
1082.452381,-2,-2,-1.02
1082.455791,-2,-2,-0.847
1082.459228,-2,-2,-0.555
1082.462602,-2,-2,-0.354
1082.466031,-2,-2,-0.116
1082.469466,-2,-2,-0.144
1082.47308,-2,-2,-0.173
1082.476338,-2,-2,-0.0872
1082.479747,-2,-2,-0.114
1082.48316,-2,-2,-0.142
1082.486589,-2,-2,-0.194
1082.490068,-2,-2,-0.329
1082.493444,-1.96,-1.84,-0.537
1082.496948,-1.44,-1.47,-0.735
1082.500343,-0.828,-0.922,-0.805
1082.503747,-0.392,-0.499,-0.874
1082.507197,0.0603,-0.0412,-0.899
1082.510608,0.563,0.405,-0.863
1082.514023,1.22,1.1,-0.774
1082.517497,1.67,1.6,-0.647
1082.520917,2,2,-0.544
1082.524364,2,2,-0.524
1082.527708,2,2,-0.585
1082.531115,2,2,-0.288
1082.534493,2,2,-0.139
1082.537934,2,2,-0.196
1082.541326,2,2,-0.211
1082.544699,2,2,-0.123
1082.548108,2,2,-0.0821
1082.55158,2,2,-0.0218
1082.555013,2,2,0.00915
1082.558431,2,1.48,0.0343
1082.561838,2,0.779,-0.000305
1082.565221,2,0.143,0.0367
1082.568668,2,-0.623,-0.00281
1082.572077,2,-1.08,-0.0747
1082.575482,2,-1.47,-0.13
1082.578914,1.85,-1.86,-0.123
1082.582341,1.42,-2,-0.142
1082.585779,0.905,-2,-0.219
1082.589211,0.524,-2,-0.251
1082.592653,0.203,-2,-0.309
1082.596056,-0.0648,-2,-0.404
1082.599468,-0.29,-2,-0.548
1082.602906,-0.674,-2,-0.634
1082.606356,-1.03,-2,-0.721
1082.609758,-1.33,-2,-0.815
1082.613192,-1.7,-2,-0.873
1082.616568,-2,-2,-0.909
1082.62013,-2,-2,-0.92
1082.623463,-2,-2,-0.869
1082.626802,-2,-2,-0.733
1082.631032,-2,-2,-0.572
1082.633715,-2,-2,-0.402
1082.637094,-2,-2,-0.301
1082.640527,-2,-2,-0.169
1082.643923,-2,-2,-0.264
1082.647301,-2,-2,-0.268
1082.650686,-2,-2,-0.21
1082.6543,-2,-2,-0.243
1082.657568,-2,-1.94,-0.323
1082.661019,-1.72,-1.69,-0.432
1082.664395,-1.2,-1.4,-0.588
1082.667834,-0.662,-0.938,-0.759
1082.671524,-0.0483,-0.616,-0.755
1082.674679,0.37,-0.326,-0.695
1082.678121,0.796,0.0158,-0.632
1082.681551,1.18,0.412,-0.495
1082.684963,1.53,0.889,-0.285
1082.688353,2,1.35,-0.216
1082.69176,2,1.89,-0.198
1082.695192,2,2,-0.198
1082.698581,2,2,-0.152
1082.702011,2,2,0.0249
1082.705451,2,2,0.0523
1082.708912,2,2,0.0722
1082.71231,2,2,0.0855
1082.715692,2,2,0.111
1082.71913,2,2,0.119
1082.722563,2,2,0.115
1082.726002,2,1.41,0.144
1082.729412,2,0.626,0.21
1082.732885,2,0.104,-0.0025
1082.736304,2,-0.683,-0.0501
1082.739723,2,-1.16,-0.0913
1082.743143,2,-1.52,-0.223
1082.746597,2,-1.86,-0.321
1082.750018,1.79,-2,-0.374
1082.753431,1.22,-2,-0.469
1082.756934,0.816,-2,-0.603
1082.760324,0.51,-2,-0.725
1082.763717,0.191,-2,-0.882
1082.767173,-0.105,-2,-1.1
1082.770556,-0.647,-2,-1.25
1082.774333,-1.02,-2,-1.42
1082.77747,-1.44,-2,-1.57
1082.780902,-1.92,-2,-1.66
1082.784377,-2,-2,-1.7
1082.78768,-2,-2,-1.71
1082.791074,-2,-2,-1.63
1082.794509,-2,-2,-1.37
1082.797894,-2,-2,-1.06
1082.80159,-2,-2,-0.739
1082.804828,-2,-2,-0.495
1082.808231,-2,-2,-0.348
1082.811608,-2,-2,-0.328
1082.815016,-2,-2,-0.37
1082.81843,-2,-2,-0.5
1082.821943,-2,-2,-0.547
1082.82528,-2,-2,-0.647
1082.82864,-2,-2,-0.879
1082.832115,-1.9,-2,-1.13
1082.83554,-1.27,-1.53,-1.37
1082.838952,-0.574,-1.17,-1.42
1082.842373,-0.105,-0.737,-1.49
1082.845771,0.313,-0.345,-1.39
1082.849221,0.728,0.0773,-1.23
1082.852615,1.25,0.847,-1.1
1082.856158,2,1.5,-1.09
1082.859478,2,2,-1.19
1082.862898,2,2,-1.23
1082.866285,2,2,-1.02
1082.869669,2,2,-0.723
1082.873098,2,2,-0.746
1082.876527,2,2,-0.495
1082.879972,2,2,-0.416
1082.88339,2,2,-0.314
1082.88688,2,2,-0.244
1082.890261,2,1.83,-0.219
1082.893678,2,1.18,-0.172
1082.897083,2,0.58,-0.243
1082.900516,2,-0.152,-0.279
1082.90394,2,-0.989,-0.477
1082.907392,2,-1.45,-0.686
1082.910753,2,-1.94,-0.772
1082.914186,2,-2,-0.955
1082.917575,2,-2,-1.15
1082.921017,1.58,-2,-1.31
1082.924446,1.13,-2,-1.43
1082.927893,0.68,-2,-1.57
1082.931251,0.284,-2,-1.77
1082.934695,-0.29,-2,-1.94
1082.938098,-0.858,-2,-2
1082.941466,-1.55,-2,-2
1082.944909,-2,-2,-2
1082.948343,-2,-2,-2
1082.95172,-2,-2,-2
1082.95516,-2,-2,-2
1082.958591,-2,-2,-1.83
1082.962013,-2,-2,-1.37
1082.967789,-2,-2,-0.511
1082.971429,-2,-2,-0.331
1082.974897,-2,-2,-0.265
1082.978255,-2,-2,-0.358
1082.981674,-2,-2,-0.523
1082.985079,-2,-2,-0.607
1082.988515,-2,-2,-0.69
1082.991893,-2,-2,-0.969
1082.995375,-2,-2,-1.41
1082.998748,-1.83,-2,-1.7
1083.002188,-1.16,-1.52,-1.93
1083.005589,-0.417,-1.08,-1.93
1083.009051,0.0915,-0.652,-1.86
1083.012465,0.697,-0.0838,-1.8
1083.015875,1.38,0.601,-1.7
1083.019273,2,1.54,-1.66
1083.022677,2,2,-1.72
1083.026117,2,2,-1.4
1083.029515,2,2,-1.27
1083.032994,2,2,-1.31
1083.036393,2,2,-1.07
1083.039906,2,2,-0.88
1083.043225,2,2,-0.723
1083.046664,2,1.61,-0.571
1083.050107,2,0.951,-0.498
1083.053527,2,0.931,-0.467
1083.056975,2,0.93,-0.528
1083.060349,2,0.512,-0.514
1083.063777,2,-0.246,-0.585
1083.06718,2,-0.901,-0.843
1083.070554,2,-1.64,-1.15
1083.074012,2,-2,-1.32
1083.077412,2,-2,-1.55
1083.081186,2,-2,-1.76
1083.08431,1.81,-2,-1.89
1083.087731,1.17,-2,-2
1083.091116,0.629,-2,-2
1083.094527,0.0649,-2,-2
1083.098614,-0.48,-2,-2
1083.101478,-1.15,-2,-2
1083.104885,-2,-2,-2
1083.108275,-2,-2,-2
1083.111649,-2,-2,-2
1083.115091,-2,-2,-2
1083.118511,-2,-2,-2
1083.121911,-2,-2,-2
1083.12545,-2,-2,-1.67
1083.128742,-2,-2,-1.11
1083.132173,-2,-2,-0.694
1083.135587,-2,-2,-0.533
1083.139003,-2,-2,-0.709
1083.142423,-2,-2,-0.977
1083.145881,-2,-2,-1.37
1083.149241,-2,-2,-1.43
1083.152638,-2,-2,-1.45
1083.156106,-2,-2,-1.86
1083.159443,-2,-2,-2
1083.162889,-2,-2,-2
1083.166354,-1.21,-2,-2
1083.169702,-0.658,-1.48,-2
1083.173137,-0.0248,-0.65,-2
1083.176554,0.386,-0.03,-2
1083.179978,0.767,1.01,-2
1083.183466,1.48,1.53,-2
1083.186924,2,2,-2
1083.190405,2,2,-2
1083.193674,2,2,-2
1083.19708,2,2,-2
1083.200699,2,2,-2
1083.203966,2,2,-2
1083.207397,2,1.38,-2
1083.210751,2,0.655,-1.99
1083.214207,2,0.316,-1.51
1083.217553,2,0.0652,-0.992
1083.220976,2,-0.175,-0.533
1083.224424,2,-0.507,-0.276
1083.22787,2,-1.09,-0.0861
1083.231251,2,-2,0.309
1083.234925,2,-2,0.512
1083.23816,2,-2,-0.0276
1083.241505,2,-2,-1.52
1083.244963,2,-2,-2
1083.248338,1.33,-2,-2
1083.251756,1.21,-2,-2
1083.255175,2,-2,-2
1083.258559,2,-2,-2
1083.261981,1.78,-2,-2
1083.265375,0.719,-2,-2
1083.268877,-0.0335,-2,-2
1083.272287,-0.785,-2,-2
1083.275665,-1.63,-2,-2
1083.279063,-2,-2,-2
1083.282471,-2,-2,-2
1083.285864,-2,-2,-2
1083.28925,-2,-2,-2
1083.29268,-2,-2,-1.52
1083.296115,-2,-2,-1.08
1083.300036,-2,-2,-0.654
1083.302991,-2,-2,-0.294
1083.306423,-2,-2,-0.112
1083.30988,-2,-2,-0.0395
1083.313241,-2,-2,-0.0756
1083.316658,-2,-2,-0.0947
1083.320109,-2,-2,0.0129
1083.323573,-2,-2,0.106
1083.326943,-2,-1.92,-0.249
1083.330384,-2,-1.15,-0.74
1083.333806,-2,-0.453,-1.17
1083.337206,-2,0.162,-1.43
1083.340586,-2,0.729,-1.55
1083.343992,-1.35,1.53,-1.85
1083.347378,-0.47,2,-2
1083.350881,0.0813,2,-2
1083.35428,0.684,2,-2
1083.35763,1.19,2,-2
1083.361069,1.67,2,-2
1083.364527,2,2,-1.95
1083.367931,2,2,-1.94
1083.371342,1.39,2,1.69
1083.37486,2,1.45,-2
1083.37817,2,1.77,-2
1083.381539,2,0.487,-1.31
1083.385188,2,0.323,-0.457
1083.388452,2,0.178,-1.47
1083.391905,2,-0.043,-1.67
1083.395238,2,-0.979,-1.73
1083.398649,2,-2,-1.82
1083.402086,2,-2,-1.96
1083.40551,2,-2,-2
1083.40887,1.66,-2,-1.8
1083.412316,0.765,-2,-1.98
1083.415712,-0.262,-2,-2
1083.419174,-1.08,-2,-1.56
1083.422599,-1.16,-2,-0.569
1083.425998,-0.915,-2,-0.0274
1083.429445,-0.902,-2,-0.342
1083.432921,-1.67,-2,-0.508
1083.436344,-2,-2,-0.577
1083.43971,-2,-2,-0.529
1083.443147,-2,-2,-0.343
1083.446552,-2,-2,-0.229
1083.449977,-2,-2,-0.284
1083.453405,-2,-2,-0.42
1083.456868,-2,-2,-0.538
1083.46027,-2,-2,-0.519
1083.463692,-2,-2,-0.872
1083.467119,-2,-1.88,-1.31
1083.470533,-2,-1.2,-1.68
1083.473984,-2,-0.439,-1.8
1083.477385,-2,0.174,-1.77
1083.480865,-2,0.912,-1.71
1083.484236,-1.84,1.5,-1.75
1083.487648,-1.49,2,-1.69
1083.491027,-1.23,2,-1.6
1083.494451,-1.03,2,-1.81
1083.497856,-0.687,2,-1.19
1083.501316,0.0216,2,-1.09
1083.504736,-0.559,2,-0.0137
1083.508213,1.23,2,1.17
1083.511543,2,2,-1.99
1083.514991,2,2,-2
1083.518371,2,2,-1.2
1083.521928,2,2,-1.36
1083.525215,2,2,-1.59
1083.528575,2,2,-1.13
1083.532013,2,1.17,-0.445
1083.535412,2,0.356,-0.426
1083.538857,2,-0.385,-0.69
1083.542272,2,-1.04,-0.762
1083.545645,1.91,-1.68,-0.785
1083.549057,1.23,-2,-0.979
1083.552511,0.499,-2,-1.03
1083.556039,-0.125,-2,-0.968
1083.559367,-0.671,-2,-0.753
1083.562865,-1.02,-2,-0.501
1083.566267,-1.16,-2,0.0306
1083.569681,-1.09,-2,0.15
1083.573172,-1.11,-2,0.111
1083.576536,-1.33,-2,0.0795
1083.579982,-1.66,-2,0.105
1083.583411,-2,-2,0.234
1083.586859,-2,-2,0.325
1083.590283,-2,-2,0.416
1083.593666,-2,-2,0.358
1083.597095,-2,-2,0.287
1083.600596,-2,-2,0.146
1083.603948,-2,-2,0.0403
1083.607406,-2,-2,-0.12
1083.61086,-1.96,-2,-0.372
1083.614225,-1.79,-2,-0.494
1083.617705,-1.58,-2,-0.504
1083.62103,-1.52,-1.87,-0.61
1083.624461,-1.43,-1.36,-0.737
1083.627885,-1.31,-0.821,-0.893
1083.631333,-1.09,0.0337,-1.22
1083.63476,-0.787,0.699,-1.36
1083.638185,-0.604,1.31,-1.37
1083.641599,-0.41,1.89,-1.29
1083.645043,-0.197,2,2
1083.648455,1.71,2,-1.96
1083.651878,2,2,-1.53
1083.655255,2,2,-2
1083.658627,2,2,-1.16
1083.66207,2,2,-2
1083.665502,2,2,-2
1083.66923,2,2,-2
1083.672338,2,2,-1.97
1083.675753,2,2,-1.68
1083.679184,2,2,-1.66
1083.682567,2,0.938,-1.91
1083.685985,2,0.0519,-2
1083.689452,1.31,-0.782,-2
1083.692851,0.558,-1.67,-2
1083.696292,-0.0906,-2,-2
1083.699798,-0.557,-2,-1.69
1083.703127,-1.03,-2,-1.3
1083.706553,-1.26,-2,-0.867
1083.709977,-1.41,-2,-0.557
1083.713376,-1.52,-2,-0.271
1083.716887,-1.75,-2,0.179
1083.720261,-1.97,-2,0.293
1083.723677,-1.97,-2,0.2
1083.727072,-1.96,-2,0.135
1083.730496,-2,-2,0.173
1083.733971,-2,-2,0.224
1083.737386,-2,-2,0.0997
1083.740853,-2,-2,-0.109
1083.744215,-2,-2,-0.264
1083.747628,-2,-2,-0.382
1083.751024,-1.98,-2,-0.555
1083.754456,-1.79,-2,-0.705
1083.757899,-1.61,-2,-0.875
1083.761312,-1.49,-2,-0.889
1083.764697,-1.41,-2,-0.875
1083.768136,-1.27,-1.58,-1.03
1083.771523,-1.13,-1.1,-1.17
1083.775026,-0.914,-0.562,-1.36
1083.778394,-0.736,-0.000915,-1.47
1083.781848,-0.64,0.512,-1.46
1083.785237,-0.505,1.21,-1.45
1083.788661,-0.393,1.94,-0.82
1083.792093,0.158,2,0.117
1083.79552,1.34,2,-1.08
1083.798948,2,2,-2
1083.802392,2,2,-1.5
1083.805871,2,2,-0.933
1083.809254,2,2,-1.56
1083.812585,2,2,-1.97
1083.816045,2,2,-1.74
1083.819427,2,2,-1.44
1083.822868,2,2,-1.42
1083.826229,2,2,-1.33
1083.829642,2,1.9,-1.27
1083.833075,2,0.913,-1.23
1083.836518,2,-0.458,-0.909
1083.839916,2,-1.37,-0.785
1083.84335,1.61,-1.89,-0.97
1083.846835,0.916,-2,-1.08
1083.850186,0.338,-2,-1.06
1083.8536,-0.463,-2,-1.02
1083.857077,-0.868,-2,-0.897
1083.86047,-1.26,-2,-0.731
1083.863886,-1.56,-2,-0.473
1083.867348,-1.77,-2,-0.106
1083.870843,-1.74,-2,0.0611
1083.8742,-1.7,-2,-0.075
1083.877621,-1.85,-2,-0.169
1083.881032,-2,-2,-0.203
1083.884574,-2,-2,-0.166
1083.887856,-2,-2,-0.0841
1083.891253,-2,-2,-0.0795
1083.89469,-2,-2,-0.166
1083.898125,-2,-2,-0.18
1083.901502,-2,-2,-0.19
1083.904965,-2,-2,-0.24
1083.908386,-2,-2,-0.362
1083.911833,-2,-2,-0.447
1083.915197,-2,-2,-0.464
1083.918608,-1.94,-2,-0.557
1083.922035,-1.77,-1.55,-0.649
1083.925479,-1.65,-1.15,-0.743
1083.92886,-1.53,-0.748,-0.844
1083.932294,-1.3,-0.321,-0.999
1083.935729,-1.03,0.149,-1.26
1083.939156,-0.721,0.72,-1.36
1083.942551,-0.517,1.09,-1.33
1083.945963,-0.36,1.38,-1.13
1083.9494,-0.193,1.64,-0.928
1083.952828,0.0209,2,0.508
1083.956356,1.12,2,0.735
1083.959646,2,2,-1.9
1083.963156,2,2,-2
1083.966534,2,2,-1.09
1083.969988,2,2,-0.816
1083.973333,2,2,-1.3
1083.976724,2,2,-1.05
1083.98016,2,2,-0.769
1083.983714,2,2,-0.713
1083.987073,2,1.05,-0.323
1083.990469,2,0.256,-0.12
1083.993882,2,-0.41,-0.197
1083.997337,2,-0.956,-0.456
1084.000741,2,-1.32,-0.726
1084.004155,2,-1.81,-0.863
1084.007535,1.8,-2,-0.825
1084.010947,1.09,-2,-0.898
1084.014376,0.485,-2,-0.982
1084.017827,-0.0952,-2,-1.05
1084.021221,-0.631,-2,-0.953
1084.024622,-1.24,-2,-0.77
1084.028032,-1.5,-2,-0.496
1084.031437,-1.45,-2,-0.0827
1084.034868,-1.26,-2,-0.126
1084.038334,-1.29,-2,-0.505
1084.041801,-1.78,-2,-0.655
1084.045154,-2,-2,-0.713
1084.04856,-2,-2,-0.619
1084.051993,-2,-2,-0.452
1084.055406,-2,-2,-0.295
1084.05882,-2,-2,-0.296
1084.062248,-2,-2,-0.348
1084.065752,-2,-2,-0.352
1084.069092,-2,-2,-0.349
1084.072548,-2,-2,-0.353
1084.075929,-2,-2,-0.32
1084.079377,-2,-2,-0.282
1084.082824,-2,-2,-0.263
1084.086232,-2,-1.87,-0.319
1084.089737,-2,-1.36,-0.524
1084.093085,-2,-0.99,-0.671
1084.096518,-1.74,-0.562,-0.881
1084.100014,-1.43,-0.0651,-1.13
1084.103374,-1.16,0.372,-1.31
1084.106843,-0.843,0.939,-1.44
1084.110215,-0.628,1.38,-1.46
1084.113622,-0.386,1.72,-1.37
1084.117053,-0.0734,2,-1.28
1084.120479,0.306,2,-1.24
1084.123903,0.905,2,-1.26
1084.127356,1.4,2,-1.35
1084.130829,1.85,2,-1.45
1084.134204,1.56,2,1.05
1084.137693,2,2,-1.97
1084.141191,2,1.85,-2
1084.144689,2,1.72,-2
1084.148187,2,2,-0.225
1084.151685,2,2,-1.03
1084.155183,2,2,-1.86
1084.158167,2,1.13,-1.78
1084.161501,2,-0.0938,-1.05
1084.164914,2,-1.28,-0.725
1084.168349,2,-1.98,-0.81
1084.171828,2,-2,-0.469
1084.175174,2,-2,-0.0201
1084.178591,2,-2,0.27
1084.182032,2,-2,0.381
1084.185398,2,-2,0.315
1084.188825,1.9,-2,0.194
1084.192256,1.27,-2,0.103
1084.195665,0.944,-2,0.0798
1084.199061,0.733,-2,0.0232
1084.202505,0.578,-2,-0.0642
1084.206002,0.398,-2,-0.175
1084.209394,0.0952,-2,-0.315
1084.212828,-0.246,-2,-0.415
1084.216678,-0.661,-2,-0.514
1084.219682,-0.793,-2,-0.737
1084.223112,-1.06,-2,-0.758
1084.226455,-1.5,-2,-0.704
1084.229882,-1.7,-2,-0.634
1084.233363,-1.9,-2,-0.484
1084.236833,-2,-2,-0.39
1084.240195,-2,-2,-0.337
1084.243613,-2,-1.77,-0.289
1084.247003,-2,-1.49,-0.237
1084.250448,-2,-1.1,-0.324
1084.253869,-2,-0.665,-0.442
1084.257294,-2,-0.29,-0.704
1084.260713,-2,0.347,-0.9
1084.26413,-2,0.795,-0.794
1084.26754,-2,1.1,-0.371
1084.270937,-2,1.47,0.0749
1084.27438,-2,1.82,0.317
1084.27781,-1.95,2,0.0643
1084.281182,-1.43,2,-0.469
1084.284622,-0.876,2,-0.917
1084.288008,-0.406,2,-1.03
1084.291427,0.181,2,1.69
1084.294871,2,2,1.62
1084.298275,2,2,-2
1084.301707,2,2,-2
1084.30511,2,2,-1.11
1084.308484,2,2,-1.99
1084.311947,2,2,-2
1084.315325,2,2,-2
1084.318737,2,1.51,-2
1084.32218,2,0.304,-2
1084.325584,2,-0.799,-2
1084.329012,1.88,-2,-2
1084.332385,0.894,-2,-2
1084.335803,0.162,-2,-2
1084.339256,-0.548,-2,-2
1084.342646,-1.18,-2,-1.5
1084.346062,-1.36,-2,-0.671
1084.349513,-0.768,-2,0.0459
1084.352933,-0.683,-2,0.338
1084.356384,-1.08,-2,0.105
1084.3598,-1.64,-2,-0.0604
1084.363211,-2,-2,-0.00628
1084.366656,-2,-2,0.11
1084.370065,-2,-2,0.128
1084.373473,-2,-2,0.0143
1084.376963,-2,-2,-0.117
1084.380347,-2,-2,-0.177
1084.383824,-2,-2,-0.361
1084.387239,-2,-2,-0.639
1084.390615,-2,-2,-0.794
1084.394009,-1.97,-2,-0.887
1084.397424,-1.92,-2,-1.11
1084.400878,-1.93,-1.53,-1.38
1084.404281,-1.8,-0.903,-1.64
1084.407667,-1.58,-0.186,-1.92
1084.411095,-1.37,0.75,-2
1084.414546,-1.2,1.24,-1.99
1084.417943,-1.08,1.77,-1.84
1084.421336,-1.03,2,-1.77
1084.424813,-1.04,2,-1.7
1084.428211,-0.547,2,-1.17
1084.431578,0.109,2,-1.28
1084.435054,0.272,2,-1.35
1084.438482,0.404,2,-1.38
1084.44191,0.911,2,0.117
1084.445308,1.5,2,0.0394
1084.44869,2,2,-2
1084.452161,2,2,-2
1084.455534,2,2,-0.802
1084.458913,2,2,-1.13
1084.462346,2,2,-1.34
1084.466015,2,2,-1.24
1084.4692,2,1.54,-1.32
1084.472585,2,0.741,-1.31
1084.476016,2,-0.0165,-1.39
1084.479438,2,-0.726,-1.54
1084.482953,1.76,-1.63,-1.44
1084.48626,1.23,-2,-1.6
1084.489749,0.72,-2,-1.74
1084.493156,0.123,-2,-1.62
1084.496552,-0.459,-2,-1.25
1084.499979,-0.947,-2,-0.87
1084.503372,-1.05,-2,-0.467
1084.506833,-0.705,-2,-0.0562
1084.510194,-0.309,-2,0.48
1084.513608,-0.461,-2,0.565
1084.517064,-1.25,-2,0.455
1084.520486,-1.68,-2,0.392
1084.523934,-1.83,-2,0.358
1084.527328,-1.69,-2,0.361
1084.530794,-1.49,-2,0.115
1084.534205,-1.52,-2,-0.00518
1084.537628,-1.79,-2,-0.0189
1084.54106,-1.99,-2,-0.171
1084.54449,-1.99,-2,-0.427
1084.54796,-1.62,-2,-0.597
1084.551379,-1.46,-2,-0.579
1084.554785,-1.47,-2,-0.665
1084.558217,-1.51,-1.51,-0.826
1084.561615,-1.52,-0.964,-0.994
1084.565049,-1.37,-0.154,-1.27
1084.568451,-1.21,0.463,-1.42
1084.571903,-1.1,1.05,-1.42
1084.575462,-1.03,1.52,-1.28
1084.57881,-0.948,1.94,-1.09
1084.582184,-0.747,2,-0.984
1084.585606,-0.528,2,-1.03
1084.589037,-0.267,2,-1.21
1084.592402,-0.0205,2,-1.36
1084.595864,0.158,2,-1.13
1084.599343,0.251,2,2
1084.602661,2,2,-1.74
1084.606049,2,2,-1.47
1084.609474,2,2,-1.99
1084.612904,2,2,-0.77
1084.616332,2,2,-1.72
1084.619729,2,2,-1.37
1084.623166,2,2,-1.34
1084.626574,2,1.67,-1.52
1084.629981,2,0.701,-1.59
1084.63342,2,-0.609,-1.37
1084.636805,1.87,-1.17,-1.57
1084.640218,1.37,-1.83,-1.69
1084.643654,0.765,-2,-1.67
1084.647062,0.197,-2,-1.45
1084.650483,-0.379,-2,-1
1084.65392,-0.605,-2,-0.615
1084.657335,-0.737,-2,-0.326
1084.660786,-0.798,-2,-0.00738
1084.664185,-0.831,-2,0.383
1084.667648,-0.802,-2,0.456
1084.671078,-1.12,-2,0.39
1084.674525,-1.47,-2,0.394
1084.680306,-1.6,-2,0.457
1084.68389,-1.55,-2,0.381
1084.687347,-1.51,-2,0.128
1084.69079,-1.54,-2,-0.125
1084.694186,-1.73,-2,-0.232
1084.697576,-1.85,-2,-0.371
1084.70099,-1.72,-2,-0.551
1084.704392,-1.49,-2,-0.664
1084.70782,-1.34,-2,-0.691
1084.711254,-1.31,-2,-0.655
1084.714685,-1.34,-1.72,-0.727
1084.718068,-1.29,-1.25,-0.845
1084.721506,-1.19,-0.718,-1.04
1084.724938,-1.04,-0.203,-1.27
1084.728339,-0.936,0.314,-1.5
1084.73179,-0.771,1.04,-1.51
1084.73517,-0.71,1.42,-1.26
1084.738595,-0.615,1.71,-0.973
1084.741995,-0.513,2,-0.834
1084.745394,-0.343,2,-0.97
1084.748845,-0.0472,2,-1.27
1084.752291,0.17,2,-1.03
1084.755677,-1.37,2,2
1084.759102,2,2,1.17
1084.762495,2,2,-1.47
1084.765933,2,2,-2
1084.769444,2,2,-1.54
1084.772818,2,2,-2
1084.77619,2,2,-2
1084.779569,2,2,-2
1084.783037,2,2,-2
1084.786457,2,1.56,-2
1084.78991,1.98,0.535,-2
1084.793285,1.13,-0.634,-2
1084.796816,0.832,-1.98,-2
1084.800165,0.115,-2,-2
1084.803577,-0.448,-2,-2
1084.806971,-0.896,-2,-1.84
1084.810399,-1,-2,-1.14
1084.813831,-0.908,-2,-0.321
1084.817245,-0.483,-2,0.379
1084.820642,-0.458,-2,0.674
1084.824114,-0.97,-2,0.427
1084.827465,-1.62,-2,0.367
1084.830918,-1.87,-2,0.594
1084.834881,-1.7,-2,0.799
1084.837822,-1.47,-2,0.765
1084.841204,-1.35,-2,0.455
1084.844581,-1.51,-2,0.231
1084.847968,-1.7,-2,-0.121
1084.851422,-1.86,-2,-0.374
1084.855452,-1.69,-2,-0.603
1084.858272,-1.4,-2,-0.793
1084.861675,-1.25,-2,-0.836
1084.865071,-1.22,-1.88,-1.01
1084.868501,-1.18,-1,-1.25
1084.871972,-1.16,-0.325,-1.41
1084.875361,-1.09,0.296,-1.48
1084.878795,-1,0.866,-1.5
1084.882223,-0.903,1.58,-1.45
1084.885623,-0.68,1.99,-1.34
1084.889041,-0.471,2,-1.27
1084.892462,-0.305,2,-1.23
1084.895899,-0.145,2,-1.17
1084.899323,0.0723,2,-1.13
1084.902793,0.21,2,-1.05
1084.906216,0.435,2,-0.897
1084.909584,0.807,2,-0.828
1084.912989,1.1,2,-0.761
1084.916474,1.33,2,-0.691
1084.919853,1.48,2,-0.626
1084.923323,1.65,2,-0.537
1084.926771,1.8,1.79,-0.448
1084.930142,1.99,1.23,-0.302
1084.933551,2,0.561,-0.136
1084.936955,2,0.107,-0.0188
1084.940386,2,-0.307,0.04
1084.94382,2,-0.559,0.147
1084.947256,2,-0.989,0.355
1084.950676,2,-1.46,0.545
1084.954082,2,-1.69,0.522
1084.957463,2,-1.9,0.524
1084.960896,2,-2,0.592
1084.964316,1.98,-2,0.73
1084.967851,1.99,-2,0.843
1084.971146,1.99,-2,0.871
1084.974552,1.91,-2,0.945
1084.977954,1.79,-2,0.999
1084.981348,1.67,-2,1.01
1084.984772,1.54,-2,0.973
1084.988187,1.43,-2,0.915
1084.991627,1.32,-2,0.832
1084.995032,1.2,-2,0.742
1084.998463,1.08,-2,0.672
1085.001883,0.922,-1.8,0.6
1085.00529,0.82,-1.57,0.545
1085.008771,0.712,-1.31,0.474
1085.01217,0.612,-1.09,0.408
1085.015604,0.527,-0.824,0.307
1085.018995,0.37,-0.508,0.193
1085.022568,0.258,-0.318,0.251
1085.025902,0.168,-0.17,0.271
1085.029312,0.114,0.057,0.21
1085.032857,0.0261,0.234,0.16
1085.036154,-0.119,0.448,0.134
1085.039627,-0.213,0.555,0.14
1085.042988,-0.284,0.632,0.158
1085.046423,-0.33,0.68,0.17
1085.049924,-0.371,0.701,0.193
1085.053281,-0.436,0.672,0.22
1085.05676,-0.479,0.622,0.249
1085.060162,-0.505,0.534,0.279
1085.06356,-0.506,0.422,0.31
1085.067013,-0.492,0.281,0.363
1085.07043,-0.452,0.0703,0.398
1085.073844,-0.412,-0.0894,0.435
1085.077264,-0.36,-0.247,0.464
1085.080767,-0.291,-0.382,0.49
1085.084152,-0.203,-0.544,0.526
1085.087537,-0.119,-0.653,0.553
1085.091006,-0.0334,-0.746,0.582
1085.094416,0.057,-0.817,0.587
1085.097846,0.151,-0.861,0.58
